sim_time_ns,instance_id,npu_used_bytes,npu_total_bytes,cpu_used_bytes,cpu_total_bytes,cxl_used_bytes,cxl_total_bytes,npu_prefix_tokens,storage_prefix_tokens,evictable_tokens,protected_tokens,npu_hit_total,storage_hit_total,npu_hit_interval,storage_hit_interval,npu_hit_rate_interval,prompt_throughput,gen_throughput,evict_npu_to_cpu_bytes_total,load_cpu_to_npu_bytes_total,evict_npu_to_cxl_bytes_total,load_cxl_to_npu_bytes_total,evict_npu_prefix_bytes_total,evict_storage_prefix_bytes_total,prefix_load_storage_to_npu_bytes_total,harp_hot_reqs,harp_shadow_reqs,harp_cold_reqs,harp_prefetch_remaining_bytes,harp_prefetch_overlap_ratio,harp_stall_time_ns_total,harp_shadow_hit_rate
500000000,0,16081494016,17179869184,0,549755813888,0,0,0,0,0,0,0,0,0,0,0.00,0,0,0,0,0,0,0,0,0,0,0,0,0,0.000000,0,0.000000
1000000000,0,16366706688,17179869184,0,549755813888,0,0,0,0,0,0,0,0,0,0,0.00,0,0,0,0,0,0,0,0,0,0,0,0,0,0.000000,0,0.000000
1500000000,0,16387678208,17179869184,0,549755813888,0,0,0,0,0,0,0,0,0,0,0.00,0,0,0,0,0,0,0,0,0,0,0,0,0,0.000000,0,0.000000
2000000000,0,16656113664,17179869184,0,549755813888,0,0,0,0,0,0,0,0,0,0,0.00,0,0,0,0,0,0,0,0,0,0,0,0,0,0.000000,0,0.000000
2500000000,0,17008435200,17179869184,0,549755813888,0,0,0,0,0,0,0,0,0,0,0.00,0,0,0,0,0,0,0,0,0,0,0,0,0,0.000000,0,0.000000
3000000000,0,17052475392,17179869184,0,549755813888,0,0,0,0,0,0,0,0,0,0,0.00,0,0,0,0,0,0,0,0,0,0,0,0,0,0.000000,0,0.000000
3500000000,0,17121681408,17179869184,0,549755813888,0,0,0,0,0,0,0,0,0,0,0.00,0,0,0,0,0,0,0,0,0,0,0,0,0,0.000000,0,0.000000
4000000000,0,17178304512,17179869184,0,549755813888,0,0,0,0,0,0,0,0,0,0,0.00,0,0,0,0,0,0,0,0,0,0,0,0,0,0.000000,0,0.000000
4500000000,0,17178304512,17179869184,10485760,549755813888,0,0,0,0,0,0,0,0,0,0,0.00,0,0,10485760,0,0,0,0,0,0,0,0,0,0,0.000000,0,0.000000
5000000000,0,17178304512,17179869184,20971520,549755813888,0,0,0,0,0,0,0,0,0,0,0.00,0,0,20971520,0,0,0,0,0,0,0,0,0,0,0.000000,0,0.000000
5500000000,0,17178304512,17179869184,39845888,549755813888,0,0,0,0,0,0,0,0,0,0,0.00,0,0,39845888,0,0,0,0,0,0,0,0,0,0,0.000000,0,0.000000
6000000000,0,17178304512,17179869184,48234496,549755813888,0,0,0,0,0,0,0,0,0,0,0.00,0,0,48234496,0,0,0,0,0,0,0,0,0,0,0.000000,0,0.000000
6500000000,0,17159430144,17179869184,73400320,549755813888,0,0,0,0,0,0,0,0,0,0,0.00,0,0,73400320,0,0,0,0,0,0,0,0,0,0,0.000000,0,0.000000
7000000000,0,17165721600,17179869184,73400320,549755813888,0,0,0,0,0,0,0,0,0,0,0.00,0,0,73400320,0,0,0,0,0,0,0,0,0,0,0.000000,0,0.000000
7500000000,0,17178304512,17179869184,73400320,549755813888,0,0,0,0,0,0,0,0,0,0,0.00,0,0,73400320,0,0,0,0,0,0,0,0,0,0,0.000000,0,0.000000
8000000000,0,17169915904,17179869184,88080384,549755813888,0,0,0,0,0,0,0,0,0,0,0.00,0,0,88080384,0,0,0,0,0,0,0,0,0,0,0.000000,0,0.000000
8500000000,0,17174110208,17179869184,37748736,549755813888,0,0,0,0,0,0,0,0,0,0,0.00,0,0,88080384,50331648,0,0,0,0,0,0,0,0,0,0.000000,0,0.000000
9000000000,0,17178304512,17179869184,48234496,549755813888,0,0,0,0,0,0,0,0,0,0,0.00,0,0,98566144,50331648,0,0,0,0,0,0,0,0,0,0.000000,0,0.000000
9500000000,0,17167818752,17179869184,75497472,549755813888,0,0,0,0,0,0,0,0,0,0,0.00,0,0,125829120,50331648,0,0,0,0,0,0,0,0,0,0.000000,0,0.000000
10000000000,0,17174110208,17179869184,75497472,549755813888,0,0,0,0,0,0,0,0,0,0,0.00,0,0,125829120,50331648,0,0,0,0,0,0,0,0,0,0.000000,0,0.000000
10500000000,0,17178304512,17179869184,48234496,549755813888,0,0,0,0,0,0,0,0,0,0,0.00,0,0,136314880,88080384,0,0,0,0,0,0,0,0,0,0.000000,0,0.000000
11000000000,0,17163624448,17179869184,67108864,549755813888,0,0,0,0,0,0,0,0,0,0,0.00,0,0,155189248,88080384,0,0,0,0,0,0,0,0,0,0.000000,0,0.000000
11500000000,0,17167818752,17179869184,67108864,549755813888,0,0,0,0,0,0,0,0,0,0,0.00,0,0,155189248,88080384,0,0,0,0,0,0,0,0,0,0.000000,0,0.000000
12000000000,0,17178304512,17179869184,10485760,549755813888,0,0,0,0,0,0,0,0,0,0,0.00,0,0,165675008,155189248,0,0,0,0,0,0,0,0,0,0.000000,0,0.000000
12500000000,0,17178304512,17179869184,20971520,549755813888,0,0,0,0,0,0,0,0,0,0,0.00,0,0,176160768,155189248,0,0,0,0,0,0,0,0,0,0.000000,0,0.000000
13000000000,0,17178304512,17179869184,0,549755813888,0,0,0,0,0,0,0,0,0,0,0.00,0,0,184549376,184549376,0,0,0,0,0,0,0,0,0,0.000000,0,0.000000
13500000000,0,17178304512,17179869184,10485760,549755813888,0,0,0,0,0,0,0,0,0,0,0.00,0,0,195035136,184549376,0,0,0,0,0,0,0,0,0,0.000000,0,0.000000
14000000000,0,17178304512,17179869184,29360128,549755813888,0,0,0,0,0,0,0,0,0,0,0.00,0,0,213909504,184549376,0,0,0,0,0,0,0,0,0,0.000000,0,0.000000
14500000000,0,17178304512,17179869184,41943040,549755813888,0,0,0,0,0,0,0,0,0,0,0.00,0,0,226492416,184549376,0,0,0,0,0,0,0,0,0,0.000000,0,0.000000
15000000000,0,17178304512,17179869184,31457280,549755813888,0,0,0,0,0,0,0,0,0,0,0.00,0,0,239075328,207618048,0,0,0,0,0,0,0,0,0,0.000000,0,0.000000
15500000000,0,17178304512,17179869184,44040192,549755813888,0,0,0,0,0,0,0,0,0,0,0.00,0,0,251658240,207618048,0,0,0,0,0,0,0,0,0,0.000000,0,0.000000
16000000000,0,17178304512,17179869184,52428800,549755813888,0,0,0,0,0,0,0,0,0,0,0.00,0,0,260046848,207618048,0,0,0,0,0,0,0,0,0,0.000000,0,0.000000
16500000000,0,17104904192,17179869184,0,549755813888,0,0,0,0,0,0,0,0,0,0,0.00,0,0,274726912,274726912,0,0,0,0,0,0,0,0,0,0.000000,0,0.000000
17000000000,0,17169915904,17179869184,0,549755813888,0,0,0,0,0,0,0,0,0,0,0.00,0,0,274726912,274726912,0,0,0,0,0,0,0,0,0,0.000000,0,0.000000
17500000000,0,17178304512,17179869184,14680064,549755813888,0,0,0,0,0,0,0,0,0,0,0.00,0,0,289406976,274726912,0,0,0,0,0,0,0,0,0,0.000000,0,0.000000
18000000000,0,17178304512,17179869184,29360128,549755813888,0,0,0,0,0,0,0,0,0,0,0.00,0,0,304087040,274726912,0,0,0,0,0,0,0,0,0,0.000000,0,0.000000
18500000000,0,17178304512,17179869184,46137344,549755813888,0,0,0,0,0,0,0,0,0,0,0.00,0,0,320864256,274726912,0,0,0,0,0,0,0,0,0,0.000000,0,0.000000
19000000000,0,17178304512,17179869184,58720256,549755813888,0,0,0,0,0,0,0,0,0,0,0.00,0,0,333447168,274726912,0,0,0,0,0,0,0,0,0,0.000000,0,0.000000
19500000000,0,17176207360,17179869184,90177536,549755813888,0,0,0,0,0,0,0,0,0,0,0.00,0,0,364904448,274726912,0,0,0,0,0,0,0,0,0,0.000000,0,0.000000
20000000000,0,17065058304,17179869184,0,549755813888,0,0,0,0,0,0,0,0,0,0,0.00,0,0,364904448,364904448,0,0,0,0,0,0,0,0,0,0.000000,0,0.000000
20500000000,0,17046183936,17179869184,0,549755813888,0,0,0,0,0,0,0,0,0,0,0.00,0,0,364904448,364904448,0,0,0,0,0,0,0,0,0,0.000000,0,0.000000
21000000000,0,17086029824,17179869184,0,549755813888,0,0,0,0,0,0,0,0,0,0,0.00,0,0,364904448,364904448,0,0,0,0,0,0,0,0,0,0.000000,0,0.000000
21500000000,0,17081835520,17179869184,0,549755813888,0,0,0,0,0,0,0,0,0,0,0.00,0,0,364904448,364904448,0,0,0,0,0,0,0,0,0,0.000000,0,0.000000
22000000000,0,17174110208,17179869184,0,549755813888,0,0,0,0,0,0,0,0,0,0,0.00,0,0,364904448,364904448,0,0,0,0,0,0,0,0,0,0.000000,0,0.000000
22500000000,0,17178304512,17179869184,4194304,549755813888,0,0,0,0,0,0,0,0,0,0,0.00,0,0,369098752,364904448,0,0,0,0,0,0,0,0,0,0.000000,0,0.000000
23000000000,0,17178304512,17179869184,8388608,549755813888,0,0,0,0,0,0,0,0,0,0,0.00,0,0,373293056,364904448,0,0,0,0,0,0,0,0,0,0.000000,0,0.000000
23500000000,0,17167818752,17179869184,0,549755813888,0,0,0,0,0,0,0,0,0,0,0.00,0,0,373293056,373293056,0,0,0,0,0,0,0,0,0,0.000000,0,0.000000
24000000000,0,17172013056,17179869184,0,549755813888,0,0,0,0,0,0,0,0,0,0,0.00,0,0,379584512,379584512,0,0,0,0,0,0,0,0,0,0.000000,0,0.000000
24500000000,0,17178304512,17179869184,8388608,549755813888,0,0,0,0,0,0,0,0,0,0,0.00,0,0,387973120,379584512,0,0,0,0,0,0,0,0,0,0.000000,0,0.000000
25000000000,0,17178304512,17179869184,39845888,549755813888,0,0,0,0,0,0,0,0,0,0,0.00,0,0,419430400,379584512,0,0,0,0,0,0,0,0,0,0.000000,0,0.000000
25500000000,0,17165721600,17179869184,0,549755813888,0,0,0,0,0,0,0,0,0,0,0.00,0,0,419430400,419430400,0,0,0,0,0,0,0,0,0,0.000000,0,0.000000
26000000000,0,17178304512,17179869184,0,549755813888,0,0,0,0,0,0,0,0,0,0,0.00,0,0,419430400,419430400,0,0,0,0,0,0,0,0,0,0.000000,0,0.000000
26500000000,0,17178304512,17179869184,0,549755813888,0,0,0,0,0,0,0,0,0,0,0.00,0,0,419430400,419430400,0,0,0,0,0,0,0,0,0,0.000000,0,0.000000
27000000000,0,17178304512,17179869184,12582912,549755813888,0,0,0,0,0,0,0,0,0,0,0.00,0,0,432013312,419430400,0,0,0,0,0,0,0,0,0,0.000000,0,0.000000
27500000000,0,17104904192,17179869184,0,549755813888,0,0,0,0,0,0,0,0,0,0,0.00,0,0,452984832,452984832,0,0,0,0,0,0,0,0,0,0.000000,0,0.000000
28000000000,0,17148944384,17179869184,0,549755813888,0,0,0,0,0,0,0,0,0,0,0.00,0,0,452984832,452984832,0,0,0,0,0,0,0,0,0,0.000000,0,0.000000
28500000000,0,17176207360,17179869184,18874368,549755813888,0,0,0,0,0,0,0,0,0,0,0.00,0,0,471859200,452984832,0,0,0,0,0,0,0,0,0,0.000000,0,0.000000
29000000000,0,17117487104,17179869184,0,549755813888,0,0,0,0,0,0,0,0,0,0,0.00,0,0,499122176,499122176,0,0,0,0,0,0,0,0,0,0.000000,0,0.000000
29500000000,0,17178304512,17179869184,2097152,549755813888,0,0,0,0,0,0,0,0,0,0,0.00,0,0,501219328,499122176,0,0,0,0,0,0,0,0,0,0.000000,0,0.000000
30000000000,0,17172013056,17179869184,20971520,549755813888,0,0,0,0,0,0,0,0,0,0,0.00,0,0,520093696,499122176,0,0,0,0,0,0,0,0,0,0.000000,0,0.000000
30500000000,0,17178304512,17179869184,20971520,549755813888,0,0,0,0,0,0,0,0,0,0,0.00,0,0,520093696,499122176,0,0,0,0,0,0,0,0,0,0.000000,0,0.000000
31000000000,0,17111195648,17179869184,0,549755813888,0,0,0,0,0,0,0,0,0,0,0.00,0,0,549453824,549453824,0,0,0,0,0,0,0,0,0,0.000000,0,0.000000
31500000000,0,17132167168,17179869184,0,549755813888,0,0,0,0,0,0,0,0,0,0,0.00,0,0,549453824,549453824,0,0,0,0,0,0,0,0,0,0.000000,0,0.000000
32000000000,0,17178304512,17179869184,0,549755813888,0,0,0,0,0,0,0,0,0,0,0.00,0,0,549453824,549453824,0,0,0,0,0,0,0,0,0,0.000000,0,0.000000
32500000000,0,17178304512,17179869184,8388608,549755813888,0,0,0,0,0,0,0,0,0,0,0.00,0,0,557842432,549453824,0,0,0,0,0,0,0,0,0,0.000000,0,0.000000
33000000000,0,17178304512,17179869184,16777216,549755813888,0,0,0,0,0,0,0,0,0,0,0.00,0,0,566231040,549453824,0,0,0,0,0,0,0,0,0,0.000000,0,0.000000
33500000000,0,17054572544,17179869184,0,549755813888,0,0,0,0,0,0,0,0,0,0,0.00,0,0,578813952,578813952,0,0,0,0,0,0,0,0,0,0.000000,0,0.000000
34000000000,0,17088126976,17179869184,0,549755813888,0,0,0,0,0,0,0,0,0,0,0.00,0,0,578813952,578813952,0,0,0,0,0,0,0,0,0,0.000000,0,0.000000
34500000000,0,17121681408,17179869184,0,549755813888,0,0,0,0,0,0,0,0,0,0,0.00,0,0,578813952,578813952,0,0,0,0,0,0,0,0,0,0.000000,0,0.000000
35000000000,0,17073446912,17179869184,0,549755813888,0,0,0,0,0,0,0,0,0,0,0.00,0,0,578813952,578813952,0,0,0,0,0,0,0,0,0,0.000000,0,0.000000
35500000000,0,17102807040,17179869184,0,549755813888,0,0,0,0,0,0,0,0,0,0,0.00,0,0,578813952,578813952,0,0,0,0,0,0,0,0,0,0.000000,0,0.000000
36000000000,0,17178304512,17179869184,0,549755813888,0,0,0,0,0,0,0,0,0,0,0.00,0,0,578813952,578813952,0,0,0,0,0,0,0,0,0,0.000000,0,0.000000
36500000000,0,17178304512,17179869184,6291456,549755813888,0,0,0,0,0,0,0,0,0,0,0.00,0,0,585105408,578813952,0,0,0,0,0,0,0,0,0,0.000000,0,0.000000
37000000000,0,17130070016,17179869184,0,549755813888,0,0,0,0,0,0,0,0,0,0,0.00,0,0,589299712,589299712,0,0,0,0,0,0,0,0,0,0.000000,0,0.000000
37500000000,0,17123778560,17179869184,0,549755813888,0,0,0,0,0,0,0,0,0,0,0.00,0,0,589299712,589299712,0,0,0,0,0,0,0,0,0,0.000000,0,0.000000
38000000000,0,17077641216,17179869184,0,549755813888,0,0,0,0,0,0,0,0,0,0,0.00,0,0,589299712,589299712,0,0,0,0,0,0,0,0,0,0.000000,0,0.000000
38500000000,0,17119584256,17179869184,0,549755813888,0,0,0,0,0,0,0,0,0,0,0.00,0,0,589299712,589299712,0,0,0,0,0,0,0,0,0,0.000000,0,0.000000
39000000000,0,17144750080,17179869184,0,549755813888,0,0,0,0,0,0,0,0,0,0,0.00,0,0,589299712,589299712,0,0,0,0,0,0,0,0,0,0.000000,0,0.000000
39500000000,0,17140555776,17179869184,0,549755813888,0,0,0,0,0,0,0,0,0,0,0.00,0,0,589299712,589299712,0,0,0,0,0,0,0,0,0,0.000000,0,0.000000
40000000000,0,17178304512,17179869184,0,549755813888,0,0,0,0,0,0,0,0,0,0,0.00,0,0,589299712,589299712,0,0,0,0,0,0,0,0,0,0.000000,0,0.000000
40500000000,0,17169915904,17179869184,18874368,549755813888,0,0,0,0,0,0,0,0,0,0,0.00,0,0,608174080,589299712,0,0,0,0,0,0,0,0,0,0.000000,0,0.000000
41000000000,0,17178304512,17179869184,0,549755813888,0,0,0,0,0,0,0,0,0,0,0.00,0,0,608174080,608174080,0,0,0,0,0,0,0,0,0,0.000000,0,0.000000
41500000000,0,17178304512,17179869184,2097152,549755813888,0,0,0,0,0,0,0,0,0,0,0.00,0,0,610271232,608174080,0,0,0,0,0,0,0,0,0,0.000000,0,0.000000
42000000000,0,17172013056,17179869184,20971520,549755813888,0,0,0,0,0,0,0,0,0,0,0.00,0,0,629145600,608174080,0,0,0,0,0,0,0,0,0,0.000000,0,0.000000
42500000000,0,17178304512,17179869184,20971520,549755813888,0,0,0,0,0,0,0,0,0,0,0.00,0,0,629145600,608174080,0,0,0,0,0,0,0,0,0,0.000000,0,0.000000
43000000000,0,17174110208,17179869184,39845888,549755813888,0,0,0,0,0,0,0,0,0,0,0.00,0,0,648019968,608174080,0,0,0,0,0,0,0,0,0,0.000000,0,0.000000
43500000000,0,17178304512,17179869184,39845888,549755813888,0,0,0,0,0,0,0,0,0,0,0.00,0,0,648019968,608174080,0,0,0,0,0,0,0,0,0,0.000000,0,0.000000
44000000000,0,17174110208,17179869184,0,549755813888,0,0,0,0,0,0,0,0,0,0,0.00,0,0,687865856,687865856,0,0,0,0,0,0,0,0,0,0.000000,0,0.000000
44500000000,0,17178304512,17179869184,2097152,549755813888,0,0,0,0,0,0,0,0,0,0,0.00,0,0,689963008,687865856,0,0,0,0,0,0,0,0,0,0.000000,0,0.000000
45000000000,0,17178304512,17179869184,4194304,549755813888,0,0,0,0,0,0,0,0,0,0,0.00,0,0,692060160,687865856,0,0,0,0,0,0,0,0,0,0.000000,0,0.000000
45500000000,0,17178304512,17179869184,0,549755813888,0,0,0,0,0,0,0,0,0,0,0.00,0,0,692060160,692060160,0,0,0,0,0,0,0,0,0,0.000000,0,0.000000
46000000000,0,17178304512,17179869184,0,549755813888,0,0,0,0,0,0,0,0,0,0,0.00,0,0,692060160,692060160,0,0,0,0,0,0,0,0,0,0.000000,0,0.000000
46500000000,0,17178304512,17179869184,6291456,549755813888,0,0,0,0,0,0,0,0,0,0,0.00,0,0,698351616,692060160,0,0,0,0,0,0,0,0,0,0.000000,0,0.000000
47000000000,0,17178304512,17179869184,10485760,549755813888,0,0,0,0,0,0,0,0,0,0,0.00,0,0,702545920,692060160,0,0,0,0,0,0,0,0,0,0.000000,0,0.000000
47500000000,0,17178304512,17179869184,12582912,549755813888,0,0,0,0,0,0,0,0,0,0,0.00,0,0,704643072,692060160,0,0,0,0,0,0,0,0,0,0.000000,0,0.000000
48000000000,0,17178304512,17179869184,20971520,549755813888,0,0,0,0,0,0,0,0,0,0,0.00,0,0,713031680,692060160,0,0,0,0,0,0,0,0,0,0.000000,0,0.000000
48500000000,0,17178304512,17179869184,25165824,549755813888,0,0,0,0,0,0,0,0,0,0,0.00,0,0,717225984,692060160,0,0,0,0,0,0,0,0,0,0.000000,0,0.000000
49000000000,0,17178304512,17179869184,31457280,549755813888,0,0,0,0,0,0,0,0,0,0,0.00,0,0,723517440,692060160,0,0,0,0,0,0,0,0,0,0.000000,0,0.000000
49500000000,0,17178304512,17179869184,37748736,549755813888,0,0,0,0,0,0,0,0,0,0,0.00,0,0,729808896,692060160,0,0,0,0,0,0,0,0,0,0.000000,0,0.000000
50000000000,0,17178304512,17179869184,0,549755813888,0,0,0,0,0,0,0,0,0,0,0.00,0,0,731906048,731906048,0,0,0,0,0,0,0,0,0,0.000000,0,0.000000
50500000000,0,17146847232,17179869184,0,549755813888,0,0,0,0,0,0,0,0,0,0,0.00,0,0,731906048,731906048,0,0,0,0,0,0,0,0,0,0.000000,0,0.000000
51000000000,0,17178304512,17179869184,4194304,549755813888,0,0,0,0,0,0,0,0,0,0,0.00,0,0,736100352,731906048,0,0,0,0,0,0,0,0,0,0.000000,0,0.000000
51500000000,0,17178304512,17179869184,8388608,549755813888,0,0,0,0,0,0,0,0,0,0,0.00,0,0,740294656,731906048,0,0,0,0,0,0,0,0,0,0.000000,0,0.000000
52000000000,0,17178304512,17179869184,0,549755813888,0,0,0,0,0,0,0,0,0,0,0.00,0,0,740294656,740294656,0,0,0,0,0,0,0,0,0,0.000000,0,0.000000
52500000000,0,17178304512,17179869184,4194304,549755813888,0,0,0,0,0,0,0,0,0,0,0.00,0,0,744488960,740294656,0,0,0,0,0,0,0,0,0,0.000000,0,0.000000
53000000000,0,17178304512,17179869184,10485760,549755813888,0,0,0,0,0,0,0,0,0,0,0.00,0,0,750780416,740294656,0,0,0,0,0,0,0,0,0,0.000000,0,0.000000
53500000000,0,17178304512,17179869184,23068672,549755813888,0,0,0,0,0,0,0,0,0,0,0.00,0,0,763363328,740294656,0,0,0,0,0,0,0,0,0,0.000000,0,0.000000
54000000000,0,17178304512,17179869184,31457280,549755813888,0,0,0,0,0,0,0,0,0,0,0.00,0,0,771751936,740294656,0,0,0,0,0,0,0,0,0,0.000000,0,0.000000
54500000000,0,17178304512,17179869184,37748736,549755813888,0,0,0,0,0,0,0,0,0,0,0.00,0,0,778043392,740294656,0,0,0,0,0,0,0,0,0,0.000000,0,0.000000
55000000000,0,17178304512,17179869184,48234496,549755813888,0,0,0,0,0,0,0,0,0,0,0.00,0,0,788529152,740294656,0,0,0,0,0,0,0,0,0,0.000000,0,0.000000
55500000000,0,17178304512,17179869184,58720256,549755813888,0,0,0,0,0,0,0,0,0,0,0.00,0,0,799014912,740294656,0,0,0,0,0,0,0,0,0,0.000000,0,0.000000
56000000000,0,17178304512,17179869184,65011712,549755813888,0,0,0,0,0,0,0,0,0,0,0.00,0,0,805306368,740294656,0,0,0,0,0,0,0,0,0,0.000000,0,0.000000
56500000000,0,17178304512,17179869184,69206016,549755813888,0,0,0,0,0,0,0,0,0,0,0.00,0,0,809500672,740294656,0,0,0,0,0,0,0,0,0,0.000000,0,0.000000
57000000000,0,17178304512,17179869184,73400320,549755813888,0,0,0,0,0,0,0,0,0,0,0.00,0,0,813694976,740294656,0,0,0,0,0,0,0,0,0,0.000000,0,0.000000
57500000000,0,17178304512,17179869184,81788928,549755813888,0,0,0,0,0,0,0,0,0,0,0.00,0,0,822083584,740294656,0,0,0,0,0,0,0,0,0,0.000000,0,0.000000
58000000000,0,17178304512,17179869184,29360128,549755813888,0,0,0,0,0,0,0,0,0,0,0.00,0,0,832569344,803209216,0,0,0,0,0,0,0,0,0,0.000000,0,0.000000
58500000000,0,17178304512,17179869184,35651584,549755813888,0,0,0,0,0,0,0,0,0,0,0.00,0,0,838860800,803209216,0,0,0,0,0,0,0,0,0,0.000000,0,0.000000
59000000000,0,17178304512,17179869184,41943040,549755813888,0,0,0,0,0,0,0,0,0,0,0.00,0,0,845152256,803209216,0,0,0,0,0,0,0,0,0,0.000000,0,0.000000
59500000000,0,17178304512,17179869184,50331648,549755813888,0,0,0,0,0,0,0,0,0,0,0.00,0,0,853540864,803209216,0,0,0,0,0,0,0,0,0,0.000000,0,0.000000
60000000000,0,17178304512,17179869184,67108864,549755813888,0,0,0,0,0,0,0,0,0,0,0.00,0,0,870318080,803209216,0,0,0,0,0,0,0,0,0,0.000000,0,0.000000
60500000000,0,17178304512,17179869184,73400320,549755813888,0,0,0,0,0,0,0,0,0,0,0.00,0,0,876609536,803209216,0,0,0,0,0,0,0,0,0,0.000000,0,0.000000
61000000000,0,17178304512,17179869184,52428800,549755813888,0,0,0,0,0,0,0,0,0,0,0.00,0,0,882900992,830472192,0,0,0,0,0,0,0,0,0,0.000000,0,0.000000
61500000000,0,17178304512,17179869184,6291456,549755813888,0,0,0,0,0,0,0,0,0,0,0.00,0,0,889192448,882900992,0,0,0,0,0,0,0,0,0,0.000000,0,0.000000
62000000000,0,17178304512,17179869184,12582912,549755813888,0,0,0,0,0,0,0,0,0,0,0.00,0,0,895483904,882900992,0,0,0,0,0,0,0,0,0,0.000000,0,0.000000
62500000000,0,17178304512,17179869184,27262976,549755813888,0,0,0,0,0,0,0,0,0,0,0.00,0,0,910163968,882900992,0,0,0,0,0,0,0,0,0,0.000000,0,0.000000
63000000000,0,17178304512,17179869184,33554432,549755813888,0,0,0,0,0,0,0,0,0,0,0.00,0,0,916455424,882900992,0,0,0,0,0,0,0,0,0,0.000000,0,0.000000
63500000000,0,17178304512,17179869184,44040192,549755813888,0,0,0,0,0,0,0,0,0,0,0.00,0,0,926941184,882900992,0,0,0,0,0,0,0,0,0,0.000000,0,0.000000
64000000000,0,17178304512,17179869184,0,549755813888,0,0,0,0,0,0,0,0,0,0,0.00,0,0,931135488,931135488,0,0,0,0,0,0,0,0,0,0.000000,0,0.000000
64500000000,0,17178304512,17179869184,6291456,549755813888,0,0,0,0,0,0,0,0,0,0,0.00,0,0,937426944,931135488,0,0,0,0,0,0,0,0,0,0.000000,0,0.000000
65000000000,0,17178304512,17179869184,12582912,549755813888,0,0,0,0,0,0,0,0,0,0,0.00,0,0,943718400,931135488,0,0,0,0,0,0,0,0,0,0.000000,0,0.000000
65500000000,0,17178304512,17179869184,27262976,549755813888,0,0,0,0,0,0,0,0,0,0,0.00,0,0,958398464,931135488,0,0,0,0,0,0,0,0,0,0.000000,0,0.000000
66000000000,0,17178304512,17179869184,33554432,549755813888,0,0,0,0,0,0,0,0,0,0,0.00,0,0,964689920,931135488,0,0,0,0,0,0,0,0,0,0.000000,0,0.000000
66500000000,0,17178304512,17179869184,0,549755813888,0,0,0,0,0,0,0,0,0,0,0.00,0,0,964689920,964689920,0,0,0,0,0,0,0,0,0,0.000000,0,0.000000
67000000000,0,17178304512,17179869184,6291456,549755813888,0,0,0,0,0,0,0,0,0,0,0.00,0,0,970981376,964689920,0,0,0,0,0,0,0,0,0,0.000000,0,0.000000
67500000000,0,17178304512,17179869184,12582912,549755813888,0,0,0,0,0,0,0,0,0,0,0.00,0,0,977272832,964689920,0,0,0,0,0,0,0,0,0,0.000000,0,0.000000
68000000000,0,17178304512,17179869184,14680064,549755813888,0,0,0,0,0,0,0,0,0,0,0.00,0,0,985661440,970981376,0,0,0,0,0,0,0,0,0,0.000000,0,0.000000
68500000000,0,17157332992,17179869184,0,549755813888,0,0,0,0,0,0,0,0,0,0,0.00,0,0,998244352,998244352,0,0,0,0,0,0,0,0,0,0.000000,0,0.000000
69000000000,0,17178304512,17179869184,0,549755813888,0,0,0,0,0,0,0,0,0,0,0.00,0,0,998244352,998244352,0,0,0,0,0,0,0,0,0,0.000000,0,0.000000
69500000000,0,17178304512,17179869184,6291456,549755813888,0,0,0,0,0,0,0,0,0,0,0.00,0,0,1012924416,1006632960,0,0,0,0,0,0,0,0,0,0.000000,0,0.000000
70000000000,0,17178304512,17179869184,14680064,549755813888,0,0,0,0,0,0,0,0,0,0,0.00,0,0,1021313024,1006632960,0,0,0,0,0,0,0,0,0,0.000000,0,0.000000
70500000000,0,17117487104,17179869184,0,549755813888,0,0,0,0,0,0,0,0,0,0,0.00,0,0,1029701632,1029701632,0,0,0,0,0,0,0,0,0,0.000000,0,0.000000
71000000000,0,17178304512,17179869184,0,549755813888,0,0,0,0,0,0,0,0,0,0,0.00,0,0,1029701632,1029701632,0,0,0,0,0,0,0,0,0,0.000000,0,0.000000
71500000000,0,17178304512,17179869184,8388608,549755813888,0,0,0,0,0,0,0,0,0,0,0.00,0,0,1038090240,1029701632,0,0,0,0,0,0,0,0,0,0.000000,0,0.000000
72000000000,0,17178304512,17179869184,29360128,549755813888,0,0,0,0,0,0,0,0,0,0,0.00,0,0,1059061760,1029701632,0,0,0,0,0,0,0,0,0,0.000000,0,0.000000
72500000000,0,17178304512,17179869184,0,549755813888,0,0,0,0,0,0,0,0,0,0,0.00,0,0,1059061760,1059061760,0,0,0,0,0,0,0,0,0,0.000000,0,0.000000
73000000000,0,17178304512,17179869184,8388608,549755813888,0,0,0,0,0,0,0,0,0,0,0.00,0,0,1067450368,1059061760,0,0,0,0,0,0,0,0,0,0.000000,0,0.000000
73500000000,0,17178304512,17179869184,18874368,549755813888,0,0,0,0,0,0,0,0,0,0,0.00,0,0,1077936128,1059061760,0,0,0,0,0,0,0,0,0,0.000000,0,0.000000
74000000000,0,17178304512,17179869184,41943040,549755813888,0,0,0,0,0,0,0,0,0,0,0.00,0,0,1101004800,1059061760,0,0,0,0,0,0,0,0,0,0.000000,0,0.000000
74500000000,0,17178304512,17179869184,52428800,549755813888,0,0,0,0,0,0,0,0,0,0,0.00,0,0,1111490560,1059061760,0,0,0,0,0,0,0,0,0,0.000000,0,0.000000
75000000000,0,17178304512,17179869184,62914560,549755813888,0,0,0,0,0,0,0,0,0,0,0.00,0,0,1121976320,1059061760,0,0,0,0,0,0,0,0,0,0.000000,0,0.000000
75500000000,0,17178304512,17179869184,71303168,549755813888,0,0,0,0,0,0,0,0,0,0,0.00,0,0,1130364928,1059061760,0,0,0,0,0,0,0,0,0,0.000000,0,0.000000
76000000000,0,17178304512,17179869184,0,549755813888,0,0,0,0,0,0,0,0,0,0,0.00,0,0,1142947840,1142947840,0,0,0,0,0,0,0,0,0,0.000000,0,0.000000
76500000000,0,17178304512,17179869184,10485760,549755813888,0,0,0,0,0,0,0,0,0,0,0.00,0,0,1163919360,1153433600,0,0,0,0,0,0,0,0,0,0.000000,0,0.000000
77000000000,0,17178304512,17179869184,20971520,549755813888,0,0,0,0,0,0,0,0,0,0,0.00,0,0,1174405120,1153433600,0,0,0,0,0,0,0,0,0,0.000000,0,0.000000
77500000000,0,17142652928,17179869184,0,549755813888,0,0,0,0,0,0,0,0,0,0,0.00,0,0,1174405120,1174405120,0,0,0,0,0,0,0,0,0,0.000000,0,0.000000
78000000000,0,17178304512,17179869184,12582912,549755813888,0,0,0,0,0,0,0,0,0,0,0.00,0,0,1186988032,1174405120,0,0,0,0,0,0,0,0,0,0.000000,0,0.000000
78500000000,0,17178304512,17179869184,25165824,549755813888,0,0,0,0,0,0,0,0,0,0,0.00,0,0,1199570944,1174405120,0,0,0,0,0,0,0,0,0,0.000000,0,0.000000
79000000000,0,17178304512,17179869184,12582912,549755813888,0,0,0,0,0,0,0,0,0,0,0.00,0,0,1212153856,1199570944,0,0,0,0,0,0,0,0,0,0.000000,0,0.000000
79500000000,0,17071349760,17179869184,0,549755813888,0,0,0,0,0,0,0,0,0,0,0.00,0,0,1224736768,1224736768,0,0,0,0,0,0,0,0,0,0.000000,0,0.000000
80000000000,0,17146847232,17179869184,0,549755813888,0,0,0,0,0,0,0,0,0,0,0.00,0,0,1224736768,1224736768,0,0,0,0,0,0,0,0,0,0.000000,0,0.000000
80500000000,0,17178304512,17179869184,16777216,549755813888,0,0,0,0,0,0,0,0,0,0,0.00,0,0,1241513984,1224736768,0,0,0,0,0,0,0,0,0,0.000000,0,0.000000
81000000000,0,17142652928,17179869184,0,549755813888,0,0,0,0,0,0,0,0,0,0,0.00,0,0,1241513984,1241513984,0,0,0,0,0,0,0,0,0,0.000000,0,0.000000
81500000000,0,17178304512,17179869184,0,549755813888,0,0,0,0,0,0,0,0,0,0,0.00,0,0,1241513984,1241513984,0,0,0,0,0,0,0,0,0,0.000000,0,0.000000
82000000000,0,17178304512,17179869184,20971520,549755813888,0,0,0,0,0,0,0,0,0,0,0.00,0,0,1262485504,1241513984,0,0,0,0,0,0,0,0,0,0.000000,0,0.000000
82500000000,0,17178304512,17179869184,46137344,549755813888,0,0,0,0,0,0,0,0,0,0,0.00,0,0,1310720000,1264582656,0,0,0,0,0,0,0,0,0,0.000000,0,0.000000
83000000000,0,17178304512,17179869184,20971520,549755813888,0,0,0,0,0,0,0,0,0,0,0.00,0,0,1310720000,1289748480,0,0,0,0,0,0,0,0,0,0.000000,0,0.000000
83500000000,0,17174110208,17179869184,48234496,549755813888,0,0,0,0,0,0,0,0,0,0,0.00,0,0,1337982976,1289748480,0,0,0,0,0,0,0,0,0,0.000000,0,0.000000
84000000000,0,17178304512,17179869184,48234496,549755813888,0,0,0,0,0,0,0,0,0,0,0.00,0,0,1337982976,1289748480,0,0,0,0,0,0,0,0,0,0.000000,0,0.000000
84500000000,0,17178304512,17179869184,67108864,549755813888,0,0,0,0,0,0,0,0,0,0,0.00,0,0,1356857344,1289748480,0,0,0,0,0,0,0,0,0,0.000000,0,0.000000
85000000000,0,17178304512,17179869184,41943040,549755813888,0,0,0,0,0,0,0,0,0,0,0.00,0,0,1400897536,1358954496,0,0,0,0,0,0,0,0,0,0.000000,0,0.000000
85500000000,0,17146847232,17179869184,0,549755813888,0,0,0,0,0,0,0,0,0,0,0.00,0,0,1400897536,1400897536,0,0,0,0,0,0,0,0,0,0.000000,0,0.000000
86000000000,0,17151041536,17179869184,0,549755813888,0,0,0,0,0,0,0,0,0,0,0.00,0,0,1400897536,1400897536,0,0,0,0,0,0,0,0,0,0.000000,0,0.000000
86500000000,0,17115389952,17179869184,0,549755813888,0,0,0,0,0,0,0,0,0,0,0.00,0,0,1400897536,1400897536,0,0,0,0,0,0,0,0,0,0.000000,0,0.000000
87000000000,0,17071349760,17179869184,0,549755813888,0,0,0,0,0,0,0,0,0,0,0.00,0,0,1400897536,1400897536,0,0,0,0,0,0,0,0,0,0.000000,0,0.000000
87500000000,0,17115389952,17179869184,0,549755813888,0,0,0,0,0,0,0,0,0,0,0.00,0,0,1400897536,1400897536,0,0,0,0,0,0,0,0,0,0.000000,0,0.000000
88000000000,0,17161527296,17179869184,31457280,549755813888,0,0,0,0,0,0,0,0,0,0,0.00,0,0,1432354816,1400897536,0,0,0,0,0,0,0,0,0,0.000000,0,0.000000
88500000000,0,17178304512,17179869184,31457280,549755813888,0,0,0,0,0,0,0,0,0,0,0.00,0,0,1432354816,1400897536,0,0,0,0,0,0,0,0,0,0.000000,0,0.000000
89000000000,0,17178304512,17179869184,0,549755813888,0,0,0,0,0,0,0,0,0,0,0.00,0,0,1470103552,1470103552,0,0,0,0,0,0,0,0,0,0.000000,0,0.000000
89500000000,0,17138458624,17179869184,0,549755813888,0,0,0,0,0,0,0,0,0,0,0.00,0,0,1501560832,1501560832,0,0,0,0,0,0,0,0,0,0.000000,0,0.000000
90000000000,0,17094418432,17179869184,0,549755813888,0,0,0,0,0,0,0,0,0,0,0.00,0,0,1501560832,1501560832,0,0,0,0,0,0,0,0,0,0.000000,0,0.000000
90500000000,0,17073446912,17179869184,0,549755813888,0,0,0,0,0,0,0,0,0,0,0.00,0,0,1501560832,1501560832,0,0,0,0,0,0,0,0,0,0.000000,0,0.000000
91000000000,0,17067155456,17179869184,0,549755813888,0,0,0,0,0,0,0,0,0,0,0.00,0,0,1501560832,1501560832,0,0,0,0,0,0,0,0,0,0.000000,0,0.000000
91500000000,0,17178304512,17179869184,0,549755813888,0,0,0,0,0,0,0,0,0,0,0.00,0,0,1501560832,1501560832,0,0,0,0,0,0,0,0,0,0.000000,0,0.000000
92000000000,0,17071349760,17179869184,0,549755813888,0,0,0,0,0,0,0,0,0,0,0.00,0,0,1501560832,1501560832,0,0,0,0,0,0,0,0,0,0.000000,0,0.000000
92500000000,0,17169915904,17179869184,0,549755813888,0,0,0,0,0,0,0,0,0,0,0.00,0,0,1501560832,1501560832,0,0,0,0,0,0,0,0,0,0.000000,0,0.000000
93000000000,0,17178304512,17179869184,2097152,549755813888,0,0,0,0,0,0,0,0,0,0,0.00,0,0,1503657984,1501560832,0,0,0,0,0,0,0,0,0,0.000000,0,0.000000
93500000000,0,17178304512,17179869184,4194304,549755813888,0,0,0,0,0,0,0,0,0,0,0.00,0,0,1505755136,1501560832,0,0,0,0,0,0,0,0,0,0.000000,0,0.000000
94000000000,0,17178304512,17179869184,0,549755813888,0,0,0,0,0,0,0,0,0,0,0.00,0,0,1505755136,1505755136,0,0,0,0,0,0,0,0,0,0.000000,0,0.000000
94500000000,0,17178304512,17179869184,8388608,549755813888,0,0,0,0,0,0,0,0,0,0,0.00,0,0,1514143744,1505755136,0,0,0,0,0,0,0,0,0,0.000000,0,0.000000
95000000000,0,17157332992,17179869184,0,549755813888,0,0,0,0,0,0,0,0,0,0,0.00,0,0,1524629504,1524629504,0,0,0,0,0,0,0,0,0,0.000000,0,0.000000
95500000000,0,17178304512,17179869184,6291456,549755813888,0,0,0,0,0,0,0,0,0,0,0.00,0,0,1530920960,1524629504,0,0,0,0,0,0,0,0,0,0.000000,0,0.000000
96000000000,0,17178304512,17179869184,12582912,549755813888,0,0,0,0,0,0,0,0,0,0,0.00,0,0,1537212416,1524629504,0,0,0,0,0,0,0,0,0,0.000000,0,0.000000
96500000000,0,17178304512,17179869184,25165824,549755813888,0,0,0,0,0,0,0,0,0,0,0.00,0,0,1549795328,1524629504,0,0,0,0,0,0,0,0,0,0.000000,0,0.000000
97000000000,0,17178304512,17179869184,44040192,549755813888,0,0,0,0,0,0,0,0,0,0,0.00,0,0,1568669696,1524629504,0,0,0,0,0,0,0,0,0,0.000000,0,0.000000
97500000000,0,17178304512,17179869184,50331648,549755813888,0,0,0,0,0,0,0,0,0,0,0.00,0,0,1574961152,1524629504,0,0,0,0,0,0,0,0,0,0.000000,0,0.000000
98000000000,0,17178304512,17179869184,56623104,549755813888,0,0,0,0,0,0,0,0,0,0,0.00,0,0,1581252608,1524629504,0,0,0,0,0,0,0,0,0,0.000000,0,0.000000
98500000000,0,17161527296,17179869184,0,549755813888,0,0,0,0,0,0,0,0,0,0,0.00,0,0,1587544064,1587544064,0,0,0,0,0,0,0,0,0,0.000000,0,0.000000
99000000000,0,17178304512,17179869184,0,549755813888,0,0,0,0,0,0,0,0,0,0,0.00,0,0,1587544064,1587544064,0,0,0,0,0,0,0,0,0,0.000000,0,0.000000
99500000000,0,17178304512,17179869184,10485760,549755813888,0,0,0,0,0,0,0,0,0,0,0.00,0,0,1598029824,1587544064,0,0,0,0,0,0,0,0,0,0.000000,0,0.000000
100000000000,0,17148944384,17179869184,0,549755813888,0,0,0,0,0,0,0,0,0,0,0.00,0,0,1612709888,1612709888,0,0,0,0,0,0,0,0,0,0.000000,0,0.000000
100500000000,0,17172013056,17179869184,0,549755813888,0,0,0,0,0,0,0,0,0,0,0.00,0,0,1612709888,1612709888,0,0,0,0,0,0,0,0,0,0.000000,0,0.000000
101000000000,0,17172013056,17179869184,14680064,549755813888,0,0,0,0,0,0,0,0,0,0,0.00,0,0,1627389952,1612709888,0,0,0,0,0,0,0,0,0,0.000000,0,0.000000
101500000000,0,17174110208,17179869184,31457280,549755813888,0,0,0,0,0,0,0,0,0,0,0.00,0,0,1644167168,1612709888,0,0,0,0,0,0,0,0,0,0.000000,0,0.000000
102000000000,0,17178304512,17179869184,31457280,549755813888,0,0,0,0,0,0,0,0,0,0,0.00,0,0,1644167168,1612709888,0,0,0,0,0,0,0,0,0,0.000000,0,0.000000
102500000000,0,17176207360,17179869184,46137344,549755813888,0,0,0,0,0,0,0,0,0,0,0.00,0,0,1658847232,1612709888,0,0,0,0,0,0,0,0,0,0.000000,0,0.000000
103000000000,0,17155235840,17179869184,0,549755813888,0,0,0,0,0,0,0,0,0,0,0.00,0,0,1658847232,1658847232,0,0,0,0,0,0,0,0,0,0.000000,0,0.000000
103500000000,0,17176207360,17179869184,0,549755813888,0,0,0,0,0,0,0,0,0,0,0.00,0,0,1658847232,1658847232,0,0,0,0,0,0,0,0,0,0.000000,0,0.000000
104000000000,0,17178304512,17179869184,0,549755813888,0,0,0,0,0,0,0,0,0,0,0.00,0,0,1658847232,1658847232,0,0,0,0,0,0,0,0,0,0.000000,0,0.000000
104500000000,0,17146847232,17179869184,0,549755813888,0,0,0,0,0,0,0,0,0,0,0.00,0,0,1671430144,1671430144,0,0,0,0,0,0,0,0,0,0.000000,0,0.000000
105000000000,0,17169915904,17179869184,0,549755813888,0,0,0,0,0,0,0,0,0,0,0.00,0,0,1671430144,1671430144,0,0,0,0,0,0,0,0,0,0.000000,0,0.000000
105500000000,0,17178304512,17179869184,16777216,549755813888,0,0,0,0,0,0,0,0,0,0,0.00,0,0,1688207360,1671430144,0,0,0,0,0,0,0,0,0,0.000000,0,0.000000
106000000000,0,17163624448,17179869184,41943040,549755813888,0,0,0,0,0,0,0,0,0,0,0.00,0,0,1713373184,1671430144,0,0,0,0,0,0,0,0,0,0.000000,0,0.000000
106500000000,0,17178304512,17179869184,41943040,549755813888,0,0,0,0,0,0,0,0,0,0,0.00,0,0,1713373184,1671430144,0,0,0,0,0,0,0,0,0,0.000000,0,0.000000
107000000000,0,17165721600,17179869184,65011712,549755813888,0,0,0,0,0,0,0,0,0,0,0.00,0,0,1736441856,1671430144,0,0,0,0,0,0,0,0,0,0.000000,0,0.000000
107500000000,0,17176207360,17179869184,65011712,549755813888,0,0,0,0,0,0,0,0,0,0,0.00,0,0,1736441856,1671430144,0,0,0,0,0,0,0,0,0,0.000000,0,0.000000
108000000000,0,17178304512,17179869184,65011712,549755813888,0,0,0,0,0,0,0,0,0,0,0.00,0,0,1736441856,1671430144,0,0,0,0,0,0,0,0,0,0.000000,0,0.000000
108500000000,0,17153138688,17179869184,98566144,549755813888,0,0,0,0,0,0,0,0,0,0,0.00,0,0,1769996288,1671430144,0,0,0,0,0,0,0,0,0,0.000000,0,0.000000
109000000000,0,17178304512,17179869184,0,549755813888,0,0,0,0,0,0,0,0,0,0,0.00,0,0,1769996288,1769996288,0,0,0,0,0,0,0,0,0,0.000000,0,0.000000
109500000000,0,17159430144,17179869184,46137344,549755813888,0,0,0,0,0,0,0,0,0,0,0.00,0,0,1816133632,1769996288,0,0,0,0,0,0,0,0,0,0.000000,0,0.000000
110000000000,0,17178304512,17179869184,0,549755813888,0,0,0,0,0,0,0,0,0,0,0.00,0,0,1816133632,1816133632,0,0,0,0,0,0,0,0,0,0.000000,0,0.000000
110500000000,0,17178304512,17179869184,0,549755813888,0,0,0,0,0,0,0,0,0,0,0.00,0,0,1835008000,1835008000,0,0,0,0,0,0,0,0,0,0.000000,0,0.000000
111000000000,0,17178304512,17179869184,0,549755813888,0,0,0,0,0,0,0,0,0,0,0.00,0,0,1835008000,1835008000,0,0,0,0,0,0,0,0,0,0.000000,0,0.000000
111500000000,0,17155235840,17179869184,31457280,549755813888,0,0,0,0,0,0,0,0,0,0,0.00,0,0,1866465280,1835008000,0,0,0,0,0,0,0,0,0,0.000000,0,0.000000
112000000000,0,17163624448,17179869184,31457280,549755813888,0,0,0,0,0,0,0,0,0,0,0.00,0,0,1866465280,1835008000,0,0,0,0,0,0,0,0,0,0.000000,0,0.000000
112500000000,0,17172013056,17179869184,31457280,549755813888,0,0,0,0,0,0,0,0,0,0,0.00,0,0,1866465280,1835008000,0,0,0,0,0,0,0,0,0,0.000000,0,0.000000
113000000000,0,17178304512,17179869184,31457280,549755813888,0,0,0,0,0,0,0,0,0,0,0.00,0,0,1866465280,1835008000,0,0,0,0,0,0,0,0,0,0.000000,0,0.000000
113500000000,0,17155235840,17179869184,62914560,549755813888,0,0,0,0,0,0,0,0,0,0,0.00,0,0,1897922560,1835008000,0,0,0,0,0,0,0,0,0,0.000000,0,0.000000
114000000000,0,17172013056,17179869184,62914560,549755813888,0,0,0,0,0,0,0,0,0,0,0.00,0,0,1897922560,1835008000,0,0,0,0,0,0,0,0,0,0.000000,0,0.000000
114500000000,0,17178304512,17179869184,62914560,549755813888,0,0,0,0,0,0,0,0,0,0,0.00,0,0,1897922560,1835008000,0,0,0,0,0,0,0,0,0,0.000000,0,0.000000
115000000000,0,17153138688,17179869184,96468992,549755813888,0,0,0,0,0,0,0,0,0,0,0.00,0,0,1931476992,1835008000,0,0,0,0,0,0,0,0,0,0.000000,0,0.000000
115500000000,0,17161527296,17179869184,96468992,549755813888,0,0,0,0,0,0,0,0,0,0,0.00,0,0,1931476992,1835008000,0,0,0,0,0,0,0,0,0,0.000000,0,0.000000
116000000000,0,17169915904,17179869184,96468992,549755813888,0,0,0,0,0,0,0,0,0,0,0.00,0,0,1931476992,1835008000,0,0,0,0,0,0,0,0,0,0.000000,0,0.000000
116500000000,0,17123778560,17179869184,155189248,549755813888,0,0,0,0,0,0,0,0,0,0,0.00,0,0,1990197248,1835008000,0,0,0,0,0,0,0,0,0,0.000000,0,0.000000
117000000000,0,17159430144,17179869184,0,549755813888,0,0,0,0,0,0,0,0,0,0,0.00,0,0,1990197248,1990197248,0,0,0,0,0,0,0,0,0,0.000000,0,0.000000
117500000000,0,17178304512,17179869184,0,549755813888,0,0,0,0,0,0,0,0,0,0,0.00,0,0,1990197248,1990197248,0,0,0,0,0,0,0,0,0,0.000000,0,0.000000
118000000000,0,17151041536,17179869184,33554432,549755813888,0,0,0,0,0,0,0,0,0,0,0.00,0,0,2023751680,1990197248,0,0,0,0,0,0,0,0,0,0.000000,0,0.000000
118500000000,0,17157332992,17179869184,33554432,549755813888,0,0,0,0,0,0,0,0,0,0,0.00,0,0,2023751680,1990197248,0,0,0,0,0,0,0,0,0,0.000000,0,0.000000
119000000000,0,16974880768,17179869184,0,549755813888,0,0,0,0,0,0,0,0,0,0,0.00,0,0,2023751680,2023751680,0,0,0,0,0,0,0,0,0,0.000000,0,0.000000
119500000000,0,17002143744,17179869184,0,549755813888,0,0,0,0,0,0,0,0,0,0,0.00,0,0,2023751680,2023751680,0,0,0,0,0,0,0,0,0,0.000000,0,0.000000
120000000000,0,16993755136,17179869184,0,549755813888,0,0,0,0,0,0,0,0,0,0,0.00,0,0,2023751680,2023751680,0,0,0,0,0,0,0,0,0,0.000000,0,0.000000
120500000000,0,17159430144,17179869184,0,549755813888,0,0,0,0,0,0,0,0,0,0,0.00,0,0,2023751680,2023751680,0,0,0,0,0,0,0,0,0,0.000000,0,0.000000
121000000000,0,17127972864,17179869184,0,549755813888,0,0,0,0,0,0,0,0,0,0,0.00,0,0,2023751680,2023751680,0,0,0,0,0,0,0,0,0,0.000000,0,0.000000
121500000000,0,17102807040,17179869184,0,549755813888,0,0,0,0,0,0,0,0,0,0,0.00,0,0,2023751680,2023751680,0,0,0,0,0,0,0,0,0,0.000000,0,0.000000
122000000000,0,17136361472,17179869184,0,549755813888,0,0,0,0,0,0,0,0,0,0,0.00,0,0,2023751680,2023751680,0,0,0,0,0,0,0,0,0,0.000000,0,0.000000
122500000000,0,17176207360,17179869184,0,549755813888,0,0,0,0,0,0,0,0,0,0,0.00,0,0,2023751680,2023751680,0,0,0,0,0,0,0,0,0,0.000000,0,0.000000
123000000000,0,17086029824,17179869184,0,549755813888,0,0,0,0,0,0,0,0,0,0,0.00,0,0,2034237440,2034237440,0,0,0,0,0,0,0,0,0,0.000000,0,0.000000
123500000000,0,17119584256,17179869184,0,549755813888,0,0,0,0,0,0,0,0,0,0,0.00,0,0,2034237440,2034237440,0,0,0,0,0,0,0,0,0,0.000000,0,0.000000
124000000000,0,17142652928,17179869184,0,549755813888,0,0,0,0,0,0,0,0,0,0,0.00,0,0,2034237440,2034237440,0,0,0,0,0,0,0,0,0,0.000000,0,0.000000
124500000000,0,17167818752,17179869184,0,549755813888,0,0,0,0,0,0,0,0,0,0,0.00,0,0,2034237440,2034237440,0,0,0,0,0,0,0,0,0,0.000000,0,0.000000
125000000000,0,17123778560,17179869184,0,549755813888,0,0,0,0,0,0,0,0,0,0,0.00,0,0,2034237440,2034237440,0,0,0,0,0,0,0,0,0,0.000000,0,0.000000
125500000000,0,17169915904,17179869184,0,549755813888,0,0,0,0,0,0,0,0,0,0,0.00,0,0,2034237440,2034237440,0,0,0,0,0,0,0,0,0,0.000000,0,0.000000
126000000000,0,17169915904,17179869184,0,549755813888,0,0,0,0,0,0,0,0,0,0,0.00,0,0,2038431744,2038431744,0,0,0,0,0,0,0,0,0,0.000000,0,0.000000
126500000000,0,17178304512,17179869184,2097152,549755813888,0,0,0,0,0,0,0,0,0,0,0.00,0,0,2040528896,2038431744,0,0,0,0,0,0,0,0,0,0.000000,0,0.000000
127000000000,0,17178304512,17179869184,4194304,549755813888,0,0,0,0,0,0,0,0,0,0,0.00,0,0,2042626048,2038431744,0,0,0,0,0,0,0,0,0,0.000000,0,0.000000
127500000000,0,17178304512,17179869184,8388608,549755813888,0,0,0,0,0,0,0,0,0,0,0.00,0,0,2046820352,2038431744,0,0,0,0,0,0,0,0,0,0.000000,0,0.000000
128000000000,0,17167818752,17179869184,0,549755813888,0,0,0,0,0,0,0,0,0,0,0.00,0,0,2046820352,2046820352,0,0,0,0,0,0,0,0,0,0.000000,0,0.000000
128500000000,0,17062961152,17179869184,0,549755813888,0,0,0,0,0,0,0,0,0,0,0.00,0,0,2046820352,2046820352,0,0,0,0,0,0,0,0,0,0.000000,0,0.000000
129000000000,0,17125875712,17179869184,0,549755813888,0,0,0,0,0,0,0,0,0,0,0.00,0,0,2046820352,2046820352,0,0,0,0,0,0,0,0,0,0.000000,0,0.000000
129500000000,0,17163624448,17179869184,0,549755813888,0,0,0,0,0,0,0,0,0,0,0.00,0,0,2046820352,2046820352,0,0,0,0,0,0,0,0,0,0.000000,0,0.000000
130000000000,0,17178304512,17179869184,8388608,549755813888,0,0,0,0,0,0,0,0,0,0,0.00,0,0,2055208960,2046820352,0,0,0,0,0,0,0,0,0,0.000000,0,0.000000
130500000000,0,17178304512,17179869184,16777216,549755813888,0,0,0,0,0,0,0,0,0,0,0.00,0,0,2063597568,2046820352,0,0,0,0,0,0,0,0,0,0.000000,0,0.000000
131000000000,0,17178304512,17179869184,27262976,549755813888,0,0,0,0,0,0,0,0,0,0,0.00,0,0,2074083328,2046820352,0,0,0,0,0,0,0,0,0,0.000000,0,0.000000
131500000000,0,17178304512,17179869184,41943040,549755813888,0,0,0,0,0,0,0,0,0,0,0.00,0,0,2088763392,2046820352,0,0,0,0,0,0,0,0,0,0.000000,0,0.000000
132000000000,0,17031503872,17179869184,0,549755813888,0,0,0,0,0,0,0,0,0,0,0.00,0,0,2101346304,2101346304,0,0,0,0,0,0,0,0,0,0.000000,0,0.000000
132500000000,0,17100709888,17179869184,0,549755813888,0,0,0,0,0,0,0,0,0,0,0.00,0,0,2101346304,2101346304,0,0,0,0,0,0,0,0,0,0.000000,0,0.000000
133000000000,0,17127972864,17179869184,0,549755813888,0,0,0,0,0,0,0,0,0,0,0.00,0,0,2101346304,2101346304,0,0,0,0,0,0,0,0,0,0.000000,0,0.000000
133500000000,0,17073446912,17179869184,0,549755813888,0,0,0,0,0,0,0,0,0,0,0.00,0,0,2101346304,2101346304,0,0,0,0,0,0,0,0,0,0.000000,0,0.000000
134000000000,0,17092321280,17179869184,0,549755813888,0,0,0,0,0,0,0,0,0,0,0.00,0,0,2101346304,2101346304,0,0,0,0,0,0,0,0,0,0.000000,0,0.000000
134500000000,0,17178304512,17179869184,0,549755813888,0,0,0,0,0,0,0,0,0,0,0.00,0,0,2101346304,2101346304,0,0,0,0,0,0,0,0,0,0.000000,0,0.000000
135000000000,0,17178304512,17179869184,4194304,549755813888,0,0,0,0,0,0,0,0,0,0,0.00,0,0,2105540608,2101346304,0,0,0,0,0,0,0,0,0,0.000000,0,0.000000
135500000000,0,17178304512,17179869184,10485760,549755813888,0,0,0,0,0,0,0,0,0,0,0.00,0,0,2111832064,2101346304,0,0,0,0,0,0,0,0,0,0.000000,0,0.000000
136000000000,0,17178304512,17179869184,27262976,549755813888,0,0,0,0,0,0,0,0,0,0,0.00,0,0,2128609280,2101346304,0,0,0,0,0,0,0,0,0,0.000000,0,0.000000
136500000000,0,17163624448,17179869184,0,549755813888,0,0,0,0,0,0,0,0,0,0,0.00,0,0,2128609280,2128609280,0,0,0,0,0,0,0,0,0,0.000000,0,0.000000
137000000000,0,17178304512,17179869184,6291456,549755813888,0,0,0,0,0,0,0,0,0,0,0.00,0,0,2134900736,2128609280,0,0,0,0,0,0,0,0,0,0.000000,0,0.000000
137500000000,0,17178304512,17179869184,12582912,549755813888,0,0,0,0,0,0,0,0,0,0,0.00,0,0,2141192192,2128609280,0,0,0,0,0,0,0,0,0,0.000000,0,0.000000
138000000000,0,17178304512,17179869184,31457280,549755813888,0,0,0,0,0,0,0,0,0,0,0.00,0,0,2160066560,2128609280,0,0,0,0,0,0,0,0,0,0.000000,0,0.000000
138500000000,0,17140555776,17179869184,0,549755813888,0,0,0,0,0,0,0,0,0,0,0.00,0,0,2185232384,2185232384,0,0,0,0,0,0,0,0,0,0.000000,0,0.000000
139000000000,0,17167818752,17179869184,0,549755813888,0,0,0,0,0,0,0,0,0,0,0.00,0,0,2185232384,2185232384,0,0,0,0,0,0,0,0,0,0.000000,0,0.000000
139500000000,0,17178304512,17179869184,2097152,549755813888,0,0,0,0,0,0,0,0,0,0,0.00,0,0,2187329536,2185232384,0,0,0,0,0,0,0,0,0,0.000000,0,0.000000
140000000000,0,17178304512,17179869184,4194304,549755813888,0,0,0,0,0,0,0,0,0,0,0.00,0,0,2189426688,2185232384,0,0,0,0,0,0,0,0,0,0.000000,0,0.000000
140500000000,0,17178304512,17179869184,6291456,549755813888,0,0,0,0,0,0,0,0,0,0,0.00,0,0,2191523840,2185232384,0,0,0,0,0,0,0,0,0,0.000000,0,0.000000
141000000000,0,17178304512,17179869184,10485760,549755813888,0,0,0,0,0,0,0,0,0,0,0.00,0,0,2195718144,2185232384,0,0,0,0,0,0,0,0,0,0.000000,0,0.000000
141500000000,0,17178304512,17179869184,16777216,549755813888,0,0,0,0,0,0,0,0,0,0,0.00,0,0,2202009600,2185232384,0,0,0,0,0,0,0,0,0,0.000000,0,0.000000
142000000000,0,17178304512,17179869184,25165824,549755813888,0,0,0,0,0,0,0,0,0,0,0.00,0,0,2210398208,2185232384,0,0,0,0,0,0,0,0,0,0.000000,0,0.000000
142500000000,0,17048281088,17179869184,0,549755813888,0,0,0,0,0,0,0,0,0,0,0.00,0,0,2222981120,2222981120,0,0,0,0,0,0,0,0,0,0.000000,0,0.000000
143000000000,0,17117487104,17179869184,0,549755813888,0,0,0,0,0,0,0,0,0,0,0.00,0,0,2222981120,2222981120,0,0,0,0,0,0,0,0,0,0.000000,0,0.000000
143500000000,0,17165721600,17179869184,0,549755813888,0,0,0,0,0,0,0,0,0,0,0.00,0,0,2222981120,2222981120,0,0,0,0,0,0,0,0,0,0.000000,0,0.000000
144000000000,0,17178304512,17179869184,0,549755813888,0,0,0,0,0,0,0,0,0,0,0.00,0,0,2222981120,2222981120,0,0,0,0,0,0,0,0,0,0.000000,0,0.000000
144500000000,0,17178304512,17179869184,0,549755813888,0,0,0,0,0,0,0,0,0,0,0.00,0,0,2233466880,2233466880,0,0,0,0,0,0,0,0,0,0.000000,0,0.000000
145000000000,0,17178304512,17179869184,25165824,549755813888,0,0,0,0,0,0,0,0,0,0,0.00,0,0,2258632704,2233466880,0,0,0,0,0,0,0,0,0,0.000000,0,0.000000
145500000000,0,17178304512,17179869184,35651584,549755813888,0,0,0,0,0,0,0,0,0,0,0.00,0,0,2269118464,2233466880,0,0,0,0,0,0,0,0,0,0.000000,0,0.000000
146000000000,0,17130070016,17179869184,0,549755813888,0,0,0,0,0,0,0,0,0,0,0.00,0,0,2279604224,2279604224,0,0,0,0,0,0,0,0,0,0.000000,0,0.000000
146500000000,0,17178304512,17179869184,0,549755813888,0,0,0,0,0,0,0,0,0,0,0.00,0,0,2279604224,2279604224,0,0,0,0,0,0,0,0,0,0.000000,0,0.000000
147000000000,0,17178304512,17179869184,0,549755813888,0,0,0,0,0,0,0,0,0,0,0.00,0,0,2292187136,2292187136,0,0,0,0,0,0,0,0,0,0.000000,0,0.000000
147500000000,0,17174110208,17179869184,33554432,549755813888,0,0,0,0,0,0,0,0,0,0,0.00,0,0,2325741568,2292187136,0,0,0,0,0,0,0,0,0,0.000000,0,0.000000
148000000000,0,17176207360,17179869184,33554432,549755813888,0,0,0,0,0,0,0,0,0,0,0.00,0,0,2344615936,2311061504,0,0,0,0,0,0,0,0,0,0.000000,0,0.000000
148500000000,0,17178304512,17179869184,58720256,549755813888,0,0,0,0,0,0,0,0,0,0,0.00,0,0,2369781760,2311061504,0,0,0,0,0,0,0,0,0,0.000000,0,0.000000
149000000000,0,17178304512,17179869184,75497472,549755813888,0,0,0,0,0,0,0,0,0,0,0.00,0,0,2386558976,2311061504,0,0,0,0,0,0,0,0,0,0.000000,0,0.000000
149500000000,0,17172013056,17179869184,54525952,549755813888,0,0,0,0,0,0,0,0,0,0,0.00,0,0,2401239040,2346713088,0,0,0,0,0,0,0,0,0,0.000000,0,0.000000
150000000000,0,17178304512,17179869184,56623104,549755813888,0,0,0,0,0,0,0,0,0,0,0.00,0,0,2436890624,2380267520,0,0,0,0,0,0,0,0,0,0.000000,0,0.000000
150500000000,0,17176207360,17179869184,56623104,549755813888,0,0,0,0,0,0,0,0,0,0,0.00,0,0,2453667840,2397044736,0,0,0,0,0,0,0,0,0,0.000000,0,0.000000
151000000000,0,17178304512,17179869184,0,549755813888,0,0,0,0,0,0,0,0,0,0,0.00,0,0,2453667840,2453667840,0,0,0,0,0,0,0,0,0,0.000000,0,0.000000
151500000000,0,17138458624,17179869184,0,549755813888,0,0,0,0,0,0,0,0,0,0,0.00,0,0,2470445056,2470445056,0,0,0,0,0,0,0,0,0,0.000000,0,0.000000
152000000000,0,17083932672,17179869184,0,549755813888,0,0,0,0,0,0,0,0,0,0,0.00,0,0,2470445056,2470445056,0,0,0,0,0,0,0,0,0,0.000000,0,0.000000
152500000000,0,17178304512,17179869184,0,549755813888,0,0,0,0,0,0,0,0,0,0,0.00,0,0,2470445056,2470445056,0,0,0,0,0,0,0,0,0,0.000000,0,0.000000
153000000000,0,17178304512,17179869184,6291456,549755813888,0,0,0,0,0,0,0,0,0,0,0.00,0,0,2476736512,2470445056,0,0,0,0,0,0,0,0,0,0.000000,0,0.000000
153500000000,0,17161527296,17179869184,31457280,549755813888,0,0,0,0,0,0,0,0,0,0,0.00,0,0,2501902336,2470445056,0,0,0,0,0,0,0,0,0,0.000000,0,0.000000
154000000000,0,17178304512,17179869184,0,549755813888,0,0,0,0,0,0,0,0,0,0,0.00,0,0,2501902336,2501902336,0,0,0,0,0,0,0,0,0,0.000000,0,0.000000
154500000000,0,17178304512,17179869184,6291456,549755813888,0,0,0,0,0,0,0,0,0,0,0.00,0,0,2508193792,2501902336,0,0,0,0,0,0,0,0,0,0.000000,0,0.000000
155000000000,0,17178304512,17179869184,0,549755813888,0,0,0,0,0,0,0,0,0,0,0.00,0,0,2514485248,2514485248,0,0,0,0,0,0,0,0,0,0.000000,0,0.000000
155500000000,0,17178304512,17179869184,12582912,549755813888,0,0,0,0,0,0,0,0,0,0,0.00,0,0,2527068160,2514485248,0,0,0,0,0,0,0,0,0,0.000000,0,0.000000
156000000000,0,17159430144,17179869184,39845888,549755813888,0,0,0,0,0,0,0,0,0,0,0.00,0,0,2554331136,2514485248,0,0,0,0,0,0,0,0,0,0.000000,0,0.000000
156500000000,0,17167818752,17179869184,39845888,549755813888,0,0,0,0,0,0,0,0,0,0,0.00,0,0,2554331136,2514485248,0,0,0,0,0,0,0,0,0,0.000000,0,0.000000
157000000000,0,17176207360,17179869184,39845888,549755813888,0,0,0,0,0,0,0,0,0,0,0.00,0,0,2554331136,2514485248,0,0,0,0,0,0,0,0,0,0.000000,0,0.000000
157500000000,0,17178304512,17179869184,39845888,549755813888,0,0,0,0,0,0,0,0,0,0,0.00,0,0,2554331136,2514485248,0,0,0,0,0,0,0,0,0,0.000000,0,0.000000
158000000000,0,17178304512,17179869184,0,549755813888,0,0,0,0,0,0,0,0,0,0,0.00,0,0,2575302656,2575302656,0,0,0,0,0,0,0,0,0,0.000000,0,0.000000
158500000000,0,17178304512,17179869184,0,549755813888,0,0,0,0,0,0,0,0,0,0,0.00,0,0,2575302656,2575302656,0,0,0,0,0,0,0,0,0,0.000000,0,0.000000
159000000000,0,17178304512,17179869184,0,549755813888,0,0,0,0,0,0,0,0,0,0,0.00,0,0,2579496960,2579496960,0,0,0,0,0,0,0,0,0,0.000000,0,0.000000
159500000000,0,17178304512,17179869184,4194304,549755813888,0,0,0,0,0,0,0,0,0,0,0.00,0,0,2583691264,2579496960,0,0,0,0,0,0,0,0,0,0.000000,0,0.000000
160000000000,0,17178304512,17179869184,8388608,549755813888,0,0,0,0,0,0,0,0,0,0,0.00,0,0,2587885568,2579496960,0,0,0,0,0,0,0,0,0,0.000000,0,0.000000
160500000000,0,17033601024,17179869184,0,549755813888,0,0,0,0,0,0,0,0,0,0,0.00,0,0,2598371328,2598371328,0,0,0,0,0,0,0,0,0,0.000000,0,0.000000
161000000000,0,17169915904,17179869184,0,549755813888,0,0,0,0,0,0,0,0,0,0,0.00,0,0,2598371328,2598371328,0,0,0,0,0,0,0,0,0,0.000000,0,0.000000
161500000000,0,17167818752,17179869184,0,549755813888,0,0,0,0,0,0,0,0,0,0,0.00,0,0,2602565632,2602565632,0,0,0,0,0,0,0,0,0,0.000000,0,0.000000
162000000000,0,17178304512,17179869184,8388608,549755813888,0,0,0,0,0,0,0,0,0,0,0.00,0,0,2610954240,2602565632,0,0,0,0,0,0,0,0,0,0.000000,0,0.000000
162500000000,0,17178304512,17179869184,14680064,549755813888,0,0,0,0,0,0,0,0,0,0,0.00,0,0,2617245696,2602565632,0,0,0,0,0,0,0,0,0,0.000000,0,0.000000
163000000000,0,17178304512,17179869184,18874368,549755813888,0,0,0,0,0,0,0,0,0,0,0.00,0,0,2621440000,2602565632,0,0,0,0,0,0,0,0,0,0.000000,0,0.000000
163500000000,0,17178304512,17179869184,27262976,549755813888,0,0,0,0,0,0,0,0,0,0,0.00,0,0,2629828608,2602565632,0,0,0,0,0,0,0,0,0,0.000000,0,0.000000
164000000000,0,17178304512,17179869184,39845888,549755813888,0,0,0,0,0,0,0,0,0,0,0.00,0,0,2642411520,2602565632,0,0,0,0,0,0,0,0,0,0.000000,0,0.000000
164500000000,0,17178304512,17179869184,50331648,549755813888,0,0,0,0,0,0,0,0,0,0,0.00,0,0,2652897280,2602565632,0,0,0,0,0,0,0,0,0,0.000000,0,0.000000
165000000000,0,17178304512,17179869184,8388608,549755813888,0,0,0,0,0,0,0,0,0,0,0.00,0,0,2661285888,2652897280,0,0,0,0,0,0,0,0,0,0.000000,0,0.000000
165500000000,0,17178304512,17179869184,14680064,549755813888,0,0,0,0,0,0,0,0,0,0,0.00,0,0,2667577344,2652897280,0,0,0,0,0,0,0,0,0,0.000000,0,0.000000
166000000000,0,17178304512,17179869184,23068672,549755813888,0,0,0,0,0,0,0,0,0,0,0.00,0,0,2675965952,2652897280,0,0,0,0,0,0,0,0,0,0.000000,0,0.000000
166500000000,0,17178304512,17179869184,29360128,549755813888,0,0,0,0,0,0,0,0,0,0,0.00,0,0,2682257408,2652897280,0,0,0,0,0,0,0,0,0,0.000000,0,0.000000
167000000000,0,17178304512,17179869184,8388608,549755813888,0,0,0,0,0,0,0,0,0,0,0.00,0,0,2690646016,2682257408,0,0,0,0,0,0,0,0,0,0.000000,0,0.000000
167500000000,0,17178304512,17179869184,14680064,549755813888,0,0,0,0,0,0,0,0,0,0,0.00,0,0,2696937472,2682257408,0,0,0,0,0,0,0,0,0,0.000000,0,0.000000
168000000000,0,17178304512,17179869184,29360128,549755813888,0,0,0,0,0,0,0,0,0,0,0.00,0,0,2711617536,2682257408,0,0,0,0,0,0,0,0,0,0.000000,0,0.000000
168500000000,0,17178304512,17179869184,31457280,549755813888,0,0,0,0,0,0,0,0,0,0,0.00,0,0,2713714688,2682257408,0,0,0,0,0,0,0,0,0,0.000000,0,0.000000
169000000000,0,17178304512,17179869184,41943040,549755813888,0,0,0,0,0,0,0,0,0,0,0.00,0,0,2724200448,2682257408,0,0,0,0,0,0,0,0,0,0.000000,0,0.000000
169500000000,0,17178304512,17179869184,46137344,549755813888,0,0,0,0,0,0,0,0,0,0,0.00,0,0,2728394752,2682257408,0,0,0,0,0,0,0,0,0,0.000000,0,0.000000
170000000000,0,17159430144,17179869184,0,549755813888,0,0,0,0,0,0,0,0,0,0,0.00,0,0,2736783360,2736783360,0,0,0,0,0,0,0,0,0,0.000000,0,0.000000
170500000000,0,17178304512,17179869184,8388608,549755813888,0,0,0,0,0,0,0,0,0,0,0.00,0,0,2745171968,2736783360,0,0,0,0,0,0,0,0,0,0.000000,0,0.000000
171000000000,0,17146847232,17179869184,0,549755813888,0,0,0,0,0,0,0,0,0,0,0.00,0,0,2751463424,2751463424,0,0,0,0,0,0,0,0,0,0.000000,0,0.000000
171500000000,0,17167818752,17179869184,0,549755813888,0,0,0,0,0,0,0,0,0,0,0.00,0,0,2751463424,2751463424,0,0,0,0,0,0,0,0,0,0.000000,0,0.000000
172000000000,0,17178304512,17179869184,8388608,549755813888,0,0,0,0,0,0,0,0,0,0,0.00,0,0,2759852032,2751463424,0,0,0,0,0,0,0,0,0,0.000000,0,0.000000
172500000000,0,17178304512,17179869184,27262976,549755813888,0,0,0,0,0,0,0,0,0,0,0.00,0,0,2778726400,2751463424,0,0,0,0,0,0,0,0,0,0.000000,0,0.000000
173000000000,0,17178304512,17179869184,46137344,549755813888,0,0,0,0,0,0,0,0,0,0,0.00,0,0,2797600768,2751463424,0,0,0,0,0,0,0,0,0,0.000000,0,0.000000
173500000000,0,17178304512,17179869184,56623104,549755813888,0,0,0,0,0,0,0,0,0,0,0.00,0,0,2808086528,2751463424,0,0,0,0,0,0,0,0,0,0.000000,0,0.000000
174000000000,0,17157332992,17179869184,83886080,549755813888,0,0,0,0,0,0,0,0,0,0,0.00,0,0,2835349504,2751463424,0,0,0,0,0,0,0,0,0,0.000000,0,0.000000
174500000000,0,17163624448,17179869184,83886080,549755813888,0,0,0,0,0,0,0,0,0,0,0.00,0,0,2835349504,2751463424,0,0,0,0,0,0,0,0,0,0.000000,0,0.000000
175000000000,0,17169915904,17179869184,83886080,549755813888,0,0,0,0,0,0,0,0,0,0,0.00,0,0,2835349504,2751463424,0,0,0,0,0,0,0,0,0,0.000000,0,0.000000
175500000000,0,17178304512,17179869184,83886080,549755813888,0,0,0,0,0,0,0,0,0,0,0.00,0,0,2835349504,2751463424,0,0,0,0,0,0,0,0,0,0.000000,0,0.000000
176000000000,0,17174110208,17179869184,94371840,549755813888,0,0,0,0,0,0,0,0,0,0,0.00,0,0,2845835264,2751463424,0,0,0,0,0,0,0,0,0,0.000000,0,0.000000
176500000000,0,17178304512,17179869184,94371840,549755813888,0,0,0,0,0,0,0,0,0,0,0.00,0,0,2845835264,2751463424,0,0,0,0,0,0,0,0,0,0.000000,0,0.000000
177000000000,0,17169915904,17179869184,109051904,549755813888,0,0,0,0,0,0,0,0,0,0,0.00,0,0,2860515328,2751463424,0,0,0,0,0,0,0,0,0,0.000000,0,0.000000
177500000000,0,17178304512,17179869184,109051904,549755813888,0,0,0,0,0,0,0,0,0,0,0.00,0,0,2860515328,2751463424,0,0,0,0,0,0,0,0,0,0.000000,0,0.000000
178000000000,0,17176207360,17179869184,117440512,549755813888,0,0,0,0,0,0,0,0,0,0,0.00,0,0,2868903936,2751463424,0,0,0,0,0,0,0,0,0,0.000000,0,0.000000
178500000000,0,17174110208,17179869184,0,549755813888,0,0,0,0,0,0,0,0,0,0,0.00,0,0,2879389696,2879389696,0,0,0,0,0,0,0,0,0,0.000000,0,0.000000
179000000000,0,17178304512,17179869184,10485760,549755813888,0,0,0,0,0,0,0,0,0,0,0.00,0,0,2889875456,2879389696,0,0,0,0,0,0,0,0,0,0.000000,0,0.000000
179500000000,0,17178304512,17179869184,0,549755813888,0,0,0,0,0,0,0,0,0,0,0.00,0,0,2889875456,2889875456,0,0,0,0,0,0,0,0,0,0.000000,0,0.000000
180000000000,0,17178304512,17179869184,10485760,549755813888,0,0,0,0,0,0,0,0,0,0,0.00,0,0,2900361216,2889875456,0,0,0,0,0,0,0,0,0,0.000000,0,0.000000
180500000000,0,17178304512,17179869184,39845888,549755813888,0,0,0,0,0,0,0,0,0,0,0.00,0,0,2929721344,2889875456,0,0,0,0,0,0,0,0,0,0.000000,0,0.000000
181000000000,0,17178304512,17179869184,8388608,549755813888,0,0,0,0,0,0,0,0,0,0,0.00,0,0,2929721344,2921332736,0,0,0,0,0,0,0,0,0,0.000000,0,0.000000
181500000000,0,17178304512,17179869184,18874368,549755813888,0,0,0,0,0,0,0,0,0,0,0.00,0,0,2940207104,2921332736,0,0,0,0,0,0,0,0,0,0.000000,0,0.000000
182000000000,0,17178304512,17179869184,0,549755813888,0,0,0,0,0,0,0,0,0,0,0.00,0,0,2940207104,2940207104,0,0,0,0,0,0,0,0,0,0.000000,0,0.000000
182500000000,0,17178304512,17179869184,12582912,549755813888,0,0,0,0,0,0,0,0,0,0,0.00,0,0,2952790016,2940207104,0,0,0,0,0,0,0,0,0,0.000000,0,0.000000
183000000000,0,17142652928,17179869184,0,549755813888,0,0,0,0,0,0,0,0,0,0,0.00,0,0,2973761536,2973761536,0,0,0,0,0,0,0,0,0,0.000000,0,0.000000
183500000000,0,17115389952,17179869184,0,549755813888,0,0,0,0,0,0,0,0,0,0,0.00,0,0,2973761536,2973761536,0,0,0,0,0,0,0,0,0,0.000000,0,0.000000
184000000000,0,17109098496,17179869184,0,549755813888,0,0,0,0,0,0,0,0,0,0,0.00,0,0,2973761536,2973761536,0,0,0,0,0,0,0,0,0,0.000000,0,0.000000
184500000000,0,17151041536,17179869184,0,549755813888,0,0,0,0,0,0,0,0,0,0,0.00,0,0,2973761536,2973761536,0,0,0,0,0,0,0,0,0,0.000000,0,0.000000
185000000000,0,17127972864,17179869184,0,549755813888,0,0,0,0,0,0,0,0,0,0,0.00,0,0,2973761536,2973761536,0,0,0,0,0,0,0,0,0,0.000000,0,0.000000
185500000000,0,17148944384,17179869184,0,549755813888,0,0,0,0,0,0,0,0,0,0,0.00,0,0,2973761536,2973761536,0,0,0,0,0,0,0,0,0,0.000000,0,0.000000
186000000000,0,17178304512,17179869184,4194304,549755813888,0,0,0,0,0,0,0,0,0,0,0.00,0,0,2977955840,2973761536,0,0,0,0,0,0,0,0,0,0.000000,0,0.000000
186500000000,0,17178304512,17179869184,6291456,549755813888,0,0,0,0,0,0,0,0,0,0,0.00,0,0,2980052992,2973761536,0,0,0,0,0,0,0,0,0,0.000000,0,0.000000
187000000000,0,17178304512,17179869184,8388608,549755813888,0,0,0,0,0,0,0,0,0,0,0.00,0,0,2982150144,2973761536,0,0,0,0,0,0,0,0,0,0.000000,0,0.000000
187500000000,0,17178304512,17179869184,10485760,549755813888,0,0,0,0,0,0,0,0,0,0,0.00,0,0,2984247296,2973761536,0,0,0,0,0,0,0,0,0,0.000000,0,0.000000
188000000000,0,17178304512,17179869184,20971520,549755813888,0,0,0,0,0,0,0,0,0,0,0.00,0,0,2994733056,2973761536,0,0,0,0,0,0,0,0,0,0.000000,0,0.000000
188500000000,0,17178304512,17179869184,25165824,549755813888,0,0,0,0,0,0,0,0,0,0,0.00,0,0,2998927360,2973761536,0,0,0,0,0,0,0,0,0,0.000000,0,0.000000
189000000000,0,17178304512,17179869184,33554432,549755813888,0,0,0,0,0,0,0,0,0,0,0.00,0,0,3007315968,2973761536,0,0,0,0,0,0,0,0,0,0.000000,0,0.000000
189500000000,0,17178304512,17179869184,39845888,549755813888,0,0,0,0,0,0,0,0,0,0,0.00,0,0,3013607424,2973761536,0,0,0,0,0,0,0,0,0,0.000000,0,0.000000
190000000000,0,17169915904,17179869184,0,549755813888,0,0,0,0,0,0,0,0,0,0,0.00,0,0,3013607424,3013607424,0,0,0,0,0,0,0,0,0,0.000000,0,0.000000
190500000000,0,17172013056,17179869184,0,549755813888,0,0,0,0,0,0,0,0,0,0,0.00,0,0,3019898880,3019898880,0,0,0,0,0,0,0,0,0,0.000000,0,0.000000
191000000000,0,17178304512,17179869184,6291456,549755813888,0,0,0,0,0,0,0,0,0,0,0.00,0,0,3026190336,3019898880,0,0,0,0,0,0,0,0,0,0.000000,0,0.000000
191500000000,0,17178304512,17179869184,18874368,549755813888,0,0,0,0,0,0,0,0,0,0,0.00,0,0,3038773248,3019898880,0,0,0,0,0,0,0,0,0,0.000000,0,0.000000
192000000000,0,17178304512,17179869184,31457280,549755813888,0,0,0,0,0,0,0,0,0,0,0.00,0,0,3051356160,3019898880,0,0,0,0,0,0,0,0,0,0.000000,0,0.000000
192500000000,0,17178304512,17179869184,37748736,549755813888,0,0,0,0,0,0,0,0,0,0,0.00,0,0,3057647616,3019898880,0,0,0,0,0,0,0,0,0,0.000000,0,0.000000
193000000000,0,17178304512,17179869184,46137344,549755813888,0,0,0,0,0,0,0,0,0,0,0.00,0,0,3066036224,3019898880,0,0,0,0,0,0,0,0,0,0.000000,0,0.000000
193500000000,0,17178304512,17179869184,52428800,549755813888,0,0,0,0,0,0,0,0,0,0,0.00,0,0,3072327680,3019898880,0,0,0,0,0,0,0,0,0,0.000000,0,0.000000
194000000000,0,17178304512,17179869184,58720256,549755813888,0,0,0,0,0,0,0,0,0,0,0.00,0,0,3078619136,3019898880,0,0,0,0,0,0,0,0,0,0.000000,0,0.000000
194500000000,0,17178304512,17179869184,92274688,549755813888,0,0,0,0,0,0,0,0,0,0,0.00,0,0,3118465024,3026190336,0,0,0,0,0,0,0,0,0,0.000000,0,0.000000
195000000000,0,17178304512,17179869184,54525952,549755813888,0,0,0,0,0,0,0,0,0,0,0.00,0,0,3124756480,3070230528,0,0,0,0,0,0,0,0,0,0.000000,0,0.000000
195500000000,0,17178304512,17179869184,60817408,549755813888,0,0,0,0,0,0,0,0,0,0,0.00,0,0,3131047936,3070230528,0,0,0,0,0,0,0,0,0,0.000000,0,0.000000
196000000000,0,17148944384,17179869184,0,549755813888,0,0,0,0,0,0,0,0,0,0,0.00,0,0,3139436544,3139436544,0,0,0,0,0,0,0,0,0,0.000000,0,0.000000
196500000000,0,17136361472,17179869184,0,549755813888,0,0,0,0,0,0,0,0,0,0,0.00,0,0,3139436544,3139436544,0,0,0,0,0,0,0,0,0,0.000000,0,0.000000
197000000000,0,17163624448,17179869184,0,549755813888,0,0,0,0,0,0,0,0,0,0,0.00,0,0,3139436544,3139436544,0,0,0,0,0,0,0,0,0,0.000000,0,0.000000
197500000000,0,17144750080,17179869184,0,549755813888,0,0,0,0,0,0,0,0,0,0,0.00,0,0,3149922304,3149922304,0,0,0,0,0,0,0,0,0,0.000000,0,0.000000
198000000000,0,17178304512,17179869184,0,549755813888,0,0,0,0,0,0,0,0,0,0,0.00,0,0,3149922304,3149922304,0,0,0,0,0,0,0,0,0,0.000000,0,0.000000
198500000000,0,17178304512,17179869184,12582912,549755813888,0,0,0,0,0,0,0,0,0,0,0.00,0,0,3162505216,3149922304,0,0,0,0,0,0,0,0,0,0.000000,0,0.000000
199000000000,0,17115389952,17179869184,0,549755813888,0,0,0,0,0,0,0,0,0,0,0.00,0,0,3179282432,3179282432,0,0,0,0,0,0,0,0,0,0.000000,0,0.000000
199500000000,0,17062961152,17179869184,0,549755813888,0,0,0,0,0,0,0,0,0,0,0.00,0,0,3179282432,3179282432,0,0,0,0,0,0,0,0,0,0.000000,0,0.000000
200000000000,0,17073446912,17179869184,0,549755813888,0,0,0,0,0,0,0,0,0,0,0.00,0,0,3179282432,3179282432,0,0,0,0,0,0,0,0,0,0.000000,0,0.000000
200500000000,0,17178304512,17179869184,0,549755813888,0,0,0,0,0,0,0,0,0,0,0.00,0,0,3179282432,3179282432,0,0,0,0,0,0,0,0,0,0.000000,0,0.000000
201000000000,0,17178304512,17179869184,2097152,549755813888,0,0,0,0,0,0,0,0,0,0,0.00,0,0,3181379584,3179282432,0,0,0,0,0,0,0,0,0,0.000000,0,0.000000
201500000000,0,17178304512,17179869184,0,549755813888,0,0,0,0,0,0,0,0,0,0,0.00,0,0,3185573888,3185573888,0,0,0,0,0,0,0,0,0,0.000000,0,0.000000
202000000000,0,17125875712,17179869184,0,549755813888,0,0,0,0,0,0,0,0,0,0,0.00,0,0,3187671040,3187671040,0,0,0,0,0,0,0,0,0,0.000000,0,0.000000
202500000000,0,17178304512,17179869184,0,549755813888,0,0,0,0,0,0,0,0,0,0,0.00,0,0,3187671040,3187671040,0,0,0,0,0,0,0,0,0,0.000000,0,0.000000
203000000000,0,17178304512,17179869184,6291456,549755813888,0,0,0,0,0,0,0,0,0,0,0.00,0,0,3193962496,3187671040,0,0,0,0,0,0,0,0,0,0.000000,0,0.000000
203500000000,0,17178304512,17179869184,14680064,549755813888,0,0,0,0,0,0,0,0,0,0,0.00,0,0,3202351104,3187671040,0,0,0,0,0,0,0,0,0,0.000000,0,0.000000
204000000000,0,17165721600,17179869184,0,549755813888,0,0,0,0,0,0,0,0,0,0,0.00,0,0,3219128320,3219128320,0,0,0,0,0,0,0,0,0,0.000000,0,0.000000
204500000000,0,17178304512,17179869184,0,549755813888,0,0,0,0,0,0,0,0,0,0,0.00,0,0,3219128320,3219128320,0,0,0,0,0,0,0,0,0,0.000000,0,0.000000
205000000000,0,17178304512,17179869184,8388608,549755813888,0,0,0,0,0,0,0,0,0,0,0.00,0,0,3227516928,3219128320,0,0,0,0,0,0,0,0,0,0.000000,0,0.000000
205500000000,0,17178304512,17179869184,18874368,549755813888,0,0,0,0,0,0,0,0,0,0,0.00,0,0,3238002688,3219128320,0,0,0,0,0,0,0,0,0,0.000000,0,0.000000
206000000000,0,17086029824,17179869184,0,549755813888,0,0,0,0,0,0,0,0,0,0,0.00,0,0,3248488448,3248488448,0,0,0,0,0,0,0,0,0,0.000000,0,0.000000
206500000000,0,17178304512,17179869184,0,549755813888,0,0,0,0,0,0,0,0,0,0,0.00,0,0,3248488448,3248488448,0,0,0,0,0,0,0,0,0,0.000000,0,0.000000
207000000000,0,17178304512,17179869184,2097152,549755813888,0,0,0,0,0,0,0,0,0,0,0.00,0,0,3250585600,3248488448,0,0,0,0,0,0,0,0,0,0.000000,0,0.000000
207500000000,0,17178304512,17179869184,4194304,549755813888,0,0,0,0,0,0,0,0,0,0,0.00,0,0,3252682752,3248488448,0,0,0,0,0,0,0,0,0,0.000000,0,0.000000
208000000000,0,17178304512,17179869184,10485760,549755813888,0,0,0,0,0,0,0,0,0,0,0.00,0,0,3258974208,3248488448,0,0,0,0,0,0,0,0,0,0.000000,0,0.000000
208500000000,0,17178304512,17179869184,25165824,549755813888,0,0,0,0,0,0,0,0,0,0,0.00,0,0,3273654272,3248488448,0,0,0,0,0,0,0,0,0,0.000000,0,0.000000
209000000000,0,17178304512,17179869184,39845888,549755813888,0,0,0,0,0,0,0,0,0,0,0.00,0,0,3288334336,3248488448,0,0,0,0,0,0,0,0,0,0.000000,0,0.000000
209500000000,0,17144750080,17179869184,96468992,549755813888,0,0,0,0,0,0,0,0,0,0,0.00,0,0,3344957440,3248488448,0,0,0,0,0,0,0,0,0,0.000000,0,0.000000
210000000000,0,17151041536,17179869184,96468992,549755813888,0,0,0,0,0,0,0,0,0,0,0.00,0,0,3344957440,3248488448,0,0,0,0,0,0,0,0,0,0.000000,0,0.000000
210500000000,0,17157332992,17179869184,96468992,549755813888,0,0,0,0,0,0,0,0,0,0,0.00,0,0,3344957440,3248488448,0,0,0,0,0,0,0,0,0,0.000000,0,0.000000
211000000000,0,17163624448,17179869184,96468992,549755813888,0,0,0,0,0,0,0,0,0,0,0.00,0,0,3344957440,3248488448,0,0,0,0,0,0,0,0,0,0.000000,0,0.000000
211500000000,0,17174110208,17179869184,0,549755813888,0,0,0,0,0,0,0,0,0,0,0.00,0,0,3344957440,3344957440,0,0,0,0,0,0,0,0,0,0.000000,0,0.000000
212000000000,0,17178304512,17179869184,2097152,549755813888,0,0,0,0,0,0,0,0,0,0,0.00,0,0,3347054592,3344957440,0,0,0,0,0,0,0,0,0,0.000000,0,0.000000
212500000000,0,17178304512,17179869184,4194304,549755813888,0,0,0,0,0,0,0,0,0,0,0.00,0,0,3349151744,3344957440,0,0,0,0,0,0,0,0,0,0.000000,0,0.000000
213000000000,0,17178304512,17179869184,6291456,549755813888,0,0,0,0,0,0,0,0,0,0,0.00,0,0,3351248896,3344957440,0,0,0,0,0,0,0,0,0,0.000000,0,0.000000
213500000000,0,17178304512,17179869184,8388608,549755813888,0,0,0,0,0,0,0,0,0,0,0.00,0,0,3353346048,3344957440,0,0,0,0,0,0,0,0,0,0.000000,0,0.000000
214000000000,0,17178304512,17179869184,10485760,549755813888,0,0,0,0,0,0,0,0,0,0,0.00,0,0,3355443200,3344957440,0,0,0,0,0,0,0,0,0,0.000000,0,0.000000
214500000000,0,17178304512,17179869184,14680064,549755813888,0,0,0,0,0,0,0,0,0,0,0.00,0,0,3359637504,3344957440,0,0,0,0,0,0,0,0,0,0.000000,0,0.000000
215000000000,0,17178304512,17179869184,18874368,549755813888,0,0,0,0,0,0,0,0,0,0,0.00,0,0,3363831808,3344957440,0,0,0,0,0,0,0,0,0,0.000000,0,0.000000
215500000000,0,17178304512,17179869184,2097152,549755813888,0,0,0,0,0,0,0,0,0,0,0.00,0,0,3365928960,3363831808,0,0,0,0,0,0,0,0,0,0.000000,0,0.000000
216000000000,0,17178304512,17179869184,4194304,549755813888,0,0,0,0,0,0,0,0,0,0,0.00,0,0,3368026112,3363831808,0,0,0,0,0,0,0,0,0,0.000000,0,0.000000
216500000000,0,17130070016,17179869184,0,549755813888,0,0,0,0,0,0,0,0,0,0,0.00,0,0,3368026112,3368026112,0,0,0,0,0,0,0,0,0,0.000000,0,0.000000
217000000000,0,17127972864,17179869184,0,549755813888,0,0,0,0,0,0,0,0,0,0,0.00,0,0,3368026112,3368026112,0,0,0,0,0,0,0,0,0,0.000000,0,0.000000
217500000000,0,17169915904,17179869184,0,549755813888,0,0,0,0,0,0,0,0,0,0,0.00,0,0,3368026112,3368026112,0,0,0,0,0,0,0,0,0,0.000000,0,0.000000
218000000000,0,17178304512,17179869184,4194304,549755813888,0,0,0,0,0,0,0,0,0,0,0.00,0,0,3372220416,3368026112,0,0,0,0,0,0,0,0,0,0.000000,0,0.000000
218500000000,0,17178304512,17179869184,12582912,549755813888,0,0,0,0,0,0,0,0,0,0,0.00,0,0,3380609024,3368026112,0,0,0,0,0,0,0,0,0,0.000000,0,0.000000
219000000000,0,17178304512,17179869184,20971520,549755813888,0,0,0,0,0,0,0,0,0,0,0.00,0,0,3388997632,3368026112,0,0,0,0,0,0,0,0,0,0.000000,0,0.000000
219500000000,0,17178304512,17179869184,37748736,549755813888,0,0,0,0,0,0,0,0,0,0,0.00,0,0,3405774848,3368026112,0,0,0,0,0,0,0,0,0,0.000000,0,0.000000
220000000000,0,17159430144,17179869184,0,549755813888,0,0,0,0,0,0,0,0,0,0,0.00,0,0,3405774848,3405774848,0,0,0,0,0,0,0,0,0,0.000000,0,0.000000
220500000000,0,17178304512,17179869184,6291456,549755813888,0,0,0,0,0,0,0,0,0,0,0.00,0,0,3412066304,3405774848,0,0,0,0,0,0,0,0,0,0.000000,0,0.000000
221000000000,0,17178304512,17179869184,16777216,549755813888,0,0,0,0,0,0,0,0,0,0,0.00,0,0,3422552064,3405774848,0,0,0,0,0,0,0,0,0,0.000000,0,0.000000
221500000000,0,17178304512,17179869184,27262976,549755813888,0,0,0,0,0,0,0,0,0,0,0.00,0,0,3433037824,3405774848,0,0,0,0,0,0,0,0,0,0.000000,0,0.000000
222000000000,0,17178304512,17179869184,16777216,549755813888,0,0,0,0,0,0,0,0,0,0,0.00,0,0,3454009344,3437232128,0,0,0,0,0,0,0,0,0,0.000000,0,0.000000
222500000000,0,17178304512,17179869184,27262976,549755813888,0,0,0,0,0,0,0,0,0,0,0.00,0,0,3464495104,3437232128,0,0,0,0,0,0,0,0,0,0.000000,0,0.000000
223000000000,0,17178304512,17179869184,37748736,549755813888,0,0,0,0,0,0,0,0,0,0,0.00,0,0,3474980864,3437232128,0,0,0,0,0,0,0,0,0,0.000000,0,0.000000
223500000000,0,17178304512,17179869184,0,549755813888,0,0,0,0,0,0,0,0,0,0,0.00,0,0,3474980864,3474980864,0,0,0,0,0,0,0,0,0,0.000000,0,0.000000
224000000000,0,17121681408,17179869184,0,549755813888,0,0,0,0,0,0,0,0,0,0,0.00,0,0,3474980864,3474980864,0,0,0,0,0,0,0,0,0,0.000000,0,0.000000
224500000000,0,17176207360,17179869184,0,549755813888,0,0,0,0,0,0,0,0,0,0,0.00,0,0,3474980864,3474980864,0,0,0,0,0,0,0,0,0,0.000000,0,0.000000
225000000000,0,17178304512,17179869184,0,549755813888,0,0,0,0,0,0,0,0,0,0,0.00,0,0,3485466624,3485466624,0,0,0,0,0,0,0,0,0,0.000000,0,0.000000
225500000000,0,17178304512,17179869184,10485760,549755813888,0,0,0,0,0,0,0,0,0,0,0.00,0,0,3495952384,3485466624,0,0,0,0,0,0,0,0,0,0.000000,0,0.000000
226000000000,0,17178304512,17179869184,46137344,549755813888,0,0,0,0,0,0,0,0,0,0,0.00,0,0,3531603968,3485466624,0,0,0,0,0,0,0,0,0,0.000000,0,0.000000
226500000000,0,17178304512,17179869184,27262976,549755813888,0,0,0,0,0,0,0,0,0,0,0.00,0,0,3556769792,3529506816,0,0,0,0,0,0,0,0,0,0.000000,0,0.000000
227000000000,0,17178304512,17179869184,0,549755813888,0,0,0,0,0,0,0,0,0,0,0.00,0,0,3556769792,3556769792,0,0,0,0,0,0,0,0,0,0.000000,0,0.000000
227500000000,0,17178304512,17179869184,0,549755813888,0,0,0,0,0,0,0,0,0,0,0.00,0,0,3556769792,3556769792,0,0,0,0,0,0,0,0,0,0.000000,0,0.000000
228000000000,0,17163624448,17179869184,0,549755813888,0,0,0,0,0,0,0,0,0,0,0.00,0,0,3571449856,3571449856,0,0,0,0,0,0,0,0,0,0.000000,0,0.000000
228500000000,0,17178304512,17179869184,0,549755813888,0,0,0,0,0,0,0,0,0,0,0.00,0,0,3588227072,3588227072,0,0,0,0,0,0,0,0,0,0.000000,0,0.000000
229000000000,0,17178304512,17179869184,16777216,549755813888,0,0,0,0,0,0,0,0,0,0,0.00,0,0,3605004288,3588227072,0,0,0,0,0,0,0,0,0,0.000000,0,0.000000
229500000000,0,17178304512,17179869184,0,549755813888,0,0,0,0,0,0,0,0,0,0,0.00,0,0,3605004288,3605004288,0,0,0,0,0,0,0,0,0,0.000000,0,0.000000
230000000000,0,17069252608,17179869184,0,549755813888,0,0,0,0,0,0,0,0,0,0,0.00,0,0,3605004288,3605004288,0,0,0,0,0,0,0,0,0,0.000000,0,0.000000
230500000000,0,17044086784,17179869184,0,549755813888,0,0,0,0,0,0,0,0,0,0,0.00,0,0,3605004288,3605004288,0,0,0,0,0,0,0,0,0,0.000000,0,0.000000
231000000000,0,17094418432,17179869184,0,549755813888,0,0,0,0,0,0,0,0,0,0,0.00,0,0,3605004288,3605004288,0,0,0,0,0,0,0,0,0,0.000000,0,0.000000
231500000000,0,17000046592,17179869184,0,549755813888,0,0,0,0,0,0,0,0,0,0,0.00,0,0,3605004288,3605004288,0,0,0,0,0,0,0,0,0,0.000000,0,0.000000
232000000000,0,16872120320,17179869184,0,549755813888,0,0,0,0,0,0,0,0,0,0,0.00,0,0,3605004288,3605004288,0,0,0,0,0,0,0,0,0,0.000000,0,0.000000
232500000000,0,16798720000,17179869184,0,549755813888,0,0,0,0,0,0,0,0,0,0,0.00,0,0,3605004288,3605004288,0,0,0,0,0,0,0,0,0,0.000000,0,0.000000
233000000000,0,16616267776,17179869184,0,549755813888,0,0,0,0,0,0,0,0,0,0,0.00,0,0,3605004288,3605004288,0,0,0,0,0,0,0,0,0,0.000000,0,0.000000
233500000000,0,16526090240,17179869184,0,549755813888,0,0,0,0,0,0,0,0,0,0,0.00,0,0,3605004288,3605004288,0,0,0,0,0,0,0,0,0,0.000000,0,0.000000
234000000000,0,16540770304,17179869184,0,549755813888,0,0,0,0,0,0,0,0,0,0,0.00,0,0,3605004288,3605004288,0,0,0,0,0,0,0,0,0,0.000000,0,0.000000
234500000000,0,16555450368,17179869184,0,549755813888,0,0,0,0,0,0,0,0,0,0,0.00,0,0,3605004288,3605004288,0,0,0,0,0,0,0,0,0,0.000000,0,0.000000
235000000000,0,16572227584,17179869184,0,549755813888,0,0,0,0,0,0,0,0,0,0,0.00,0,0,3605004288,3605004288,0,0,0,0,0,0,0,0,0,0.000000,0,0.000000
235500000000,0,16536576000,17179869184,0,549755813888,0,0,0,0,0,0,0,0,0,0,0.00,0,0,3605004288,3605004288,0,0,0,0,0,0,0,0,0,0.000000,0,0.000000
236000000000,0,16498827264,17179869184,0,549755813888,0,0,0,0,0,0,0,0,0,0,0.00,0,0,3605004288,3605004288,0,0,0,0,0,0,0,0,0,0.000000,0,0.000000
236500000000,0,16509313024,17179869184,0,549755813888,0,0,0,0,0,0,0,0,0,0,0.00,0,0,3605004288,3605004288,0,0,0,0,0,0,0,0,0,0.000000,0,0.000000
237000000000,0,16519798784,17179869184,0,549755813888,0,0,0,0,0,0,0,0,0,0,0.00,0,0,3605004288,3605004288,0,0,0,0,0,0,0,0,0,0.000000,0,0.000000
237500000000,0,16530284544,17179869184,0,549755813888,0,0,0,0,0,0,0,0,0,0,0.00,0,0,3605004288,3605004288,0,0,0,0,0,0,0,0,0,0.000000,0,0.000000
238000000000,0,16479952896,17179869184,0,549755813888,0,0,0,0,0,0,0,0,0,0,0.00,0,0,3605004288,3605004288,0,0,0,0,0,0,0,0,0,0.000000,0,0.000000
238500000000,0,16494632960,17179869184,0,549755813888,0,0,0,0,0,0,0,0,0,0,0.00,0,0,3605004288,3605004288,0,0,0,0,0,0,0,0,0,0.000000,0,0.000000
239000000000,0,16503021568,17179869184,0,549755813888,0,0,0,0,0,0,0,0,0,0,0.00,0,0,3605004288,3605004288,0,0,0,0,0,0,0,0,0,0.000000,0,0.000000
239500000000,0,16442204160,17179869184,0,549755813888,0,0,0,0,0,0,0,0,0,0,0.00,0,0,3605004288,3605004288,0,0,0,0,0,0,0,0,0,0.000000,0,0.000000
240000000000,0,16448495616,17179869184,0,549755813888,0,0,0,0,0,0,0,0,0,0,0.00,0,0,3605004288,3605004288,0,0,0,0,0,0,0,0,0,0.000000,0,0.000000
240500000000,0,16454787072,17179869184,0,549755813888,0,0,0,0,0,0,0,0,0,0,0.00,0,0,3605004288,3605004288,0,0,0,0,0,0,0,0,0,0.000000,0,0.000000
241000000000,0,16463175680,17179869184,0,549755813888,0,0,0,0,0,0,0,0,0,0,0.00,0,0,3605004288,3605004288,0,0,0,0,0,0,0,0,0,0.000000,0,0.000000
241500000000,0,16469467136,17179869184,0,549755813888,0,0,0,0,0,0,0,0,0,0,0.00,0,0,3605004288,3605004288,0,0,0,0,0,0,0,0,0,0.000000,0,0.000000
242000000000,0,16479952896,17179869184,0,549755813888,0,0,0,0,0,0,0,0,0,0,0.00,0,0,3605004288,3605004288,0,0,0,0,0,0,0,0,0,0.000000,0,0.000000
242500000000,0,16486244352,17179869184,0,549755813888,0,0,0,0,0,0,0,0,0,0,0.00,0,0,3605004288,3605004288,0,0,0,0,0,0,0,0,0,0.000000,0,0.000000
243000000000,0,16492535808,17179869184,0,549755813888,0,0,0,0,0,0,0,0,0,0,0.00,0,0,3605004288,3605004288,0,0,0,0,0,0,0,0,0,0.000000,0,0.000000
243500000000,0,16402358272,17179869184,0,549755813888,0,0,0,0,0,0,0,0,0,0,0.00,0,0,3605004288,3605004288,0,0,0,0,0,0,0,0,0,0.000000,0,0.000000
244000000000,0,16406552576,17179869184,0,549755813888,0,0,0,0,0,0,0,0,0,0,0.00,0,0,3605004288,3605004288,0,0,0,0,0,0,0,0,0,0.000000,0,0.000000
244500000000,0,16287014912,17179869184,0,549755813888,0,0,0,0,0,0,0,0,0,0,0.00,0,0,3605004288,3605004288,0,0,0,0,0,0,0,0,0,0.000000,0,0.000000
245000000000,0,16289112064,17179869184,0,549755813888,0,0,0,0,0,0,0,0,0,0,0.00,0,0,3605004288,3605004288,0,0,0,0,0,0,0,0,0,0.000000,0,0.000000
245500000000,0,16291209216,17179869184,0,549755813888,0,0,0,0,0,0,0,0,0,0,0.00,0,0,3605004288,3605004288,0,0,0,0,0,0,0,0,0,0.000000,0,0.000000
246000000000,0,16293306368,17179869184,0,549755813888,0,0,0,0,0,0,0,0,0,0,0.00,0,0,3605004288,3605004288,0,0,0,0,0,0,0,0,0,0.000000,0,0.000000
246500000000,0,16295403520,17179869184,0,549755813888,0,0,0,0,0,0,0,0,0,0,0.00,0,0,3605004288,3605004288,0,0,0,0,0,0,0,0,0,0.000000,0,0.000000
247000000000,0,16297500672,17179869184,0,549755813888,0,0,0,0,0,0,0,0,0,0,0.00,0,0,3605004288,3605004288,0,0,0,0,0,0,0,0,0,0.000000,0,0.000000
247500000000,0,16299597824,17179869184,0,549755813888,0,0,0,0,0,0,0,0,0,0,0.00,0,0,3605004288,3605004288,0,0,0,0,0,0,0,0,0,0.000000,0,0.000000
248000000000,0,16301694976,17179869184,0,549755813888,0,0,0,0,0,0,0,0,0,0,0.00,0,0,3605004288,3605004288,0,0,0,0,0,0,0,0,0,0.000000,0,0.000000
