tier,workload,baseline_policy,compare_policy,tail_mean_ttft_ms,evicpress_mean_ttft_ms,delta_mean_ttft_ms,delta_pct_mean_ttft_ms,tail_mean_tpot_ms,evicpress_mean_tpot_ms,delta_mean_tpot_ms,delta_pct_mean_tpot_ms,tail_mean_latency_ms,evicpress_mean_latency_ms,delta_mean_latency_ms,delta_pct_mean_latency_ms,tail_p99_ttft_ms,evicpress_p99_ttft_ms,delta_p99_ttft_ms,delta_pct_p99_ttft_ms,tail_p99_tpot_ms,evicpress_p99_tpot_ms,delta_p99_tpot_ms,delta_pct_p99_tpot_ms,tail_tier_transition_mb_total,evicpress_tier_transition_mb_total,delta_tier_transition_mb_total,delta_pct_tier_transition_mb_total,harp_mean_ttft_ms,harp_mean_tpot_ms,harp_mean_latency_ms,harp_p99_ttft_ms,harp_p99_tpot_ms,harp_tier_transition_mb_total,largest_kv_mean_ttft_ms,largest_kv_mean_tpot_ms,largest_kv_mean_latency_ms,largest_kv_p99_ttft_ms,largest_kv_p99_tpot_ms,largest_kv_tier_transition_mb_total,lru_mean_ttft_ms,lru_mean_tpot_ms,lru_mean_latency_ms,lru_p99_ttft_ms,lru_p99_tpot_ms,lru_tier_transition_mb_total,oldest_mean_ttft_ms,oldest_mean_tpot_ms,oldest_mean_latency_ms,oldest_p99_ttft_ms,oldest_p99_tpot_ms,oldest_tier_transition_mb_total,random_mean_ttft_ms,random_mean_tpot_ms,random_mean_latency_ms,random_p99_ttft_ms,random_p99_tpot_ms,random_tier_transition_mb_total,smallest_kv_mean_ttft_ms,smallest_kv_mean_tpot_ms,smallest_kv_mean_latency_ms,smallest_kv_p99_ttft_ms,smallest_kv_p99_tpot_ms,smallest_kv_tier_transition_mb_total
cxl,sharegpt_1000,tail,evicpress,234264.64686477397,319463.13773592294,85198.49087114897,36.368479841659,57.07588473399999,86.878952198,29.803067464,52.216566774034376,247342.00870021599,338121.17383534997,90779.16513513398,36.7018791559829,495135.83501781,669193.12974298,174057.29472517,35.15344324025935,175.72214223999995,469.21192067999993,293.48977844,167.01923542404458,43704.0,22744.0,-20960.0,-47.95899688815669,,,,,,,,,,,,,,,,,,,,,,,,,,,,,,,,,,,,
cxl,sharegpt_1000,tail,harp,234264.64686477397,,-118363.10997932598,-50.525382964698665,57.07588473399999,,-11.027487689999994,-19.320747705257983,247342.00870021599,,-119600.56428735098,-48.354327239377085,495135.83501781,,-249186.05084551,-50.326805943372456,175.72214223999995,,-82.30767528999999,-46.83967213282934,43704.0,,2242.0,5.129965220574776,115901.53688544799,46.048397044,127741.444412865,245949.7841723,93.41446694999996,45946.0,,,,,,,,,,,,,,,,,,,,,,,,,,,,,,
cxl,sharegpt_1000,tail,largest_kv,234264.64686477397,,59228.68115256503,25.282808116904626,57.07588473399999,,20.220351341000004,35.427136057962464,247342.00870021599,,64082.317589224986,25.90838407352557,495135.83501781,,159862.30712968996,32.28655569313413,175.72214223999995,,131.74826517,74.97533520281083,43704.0,,94064.0,215.2297272560864,,,,,,,293493.328017339,77.296236075,311424.32628944097,654998.1421475,307.47040740999995,137768.0,,,,,,,,,,,,,,,,,,,,,,,,
cxl,sharegpt_1000,tail,lru,234264.64686477397,,98620.04310463401,42.09770634386889,57.07588473399999,,26.231042694000003,45.95818849983454,247342.00870021599,,104381.56887502005,42.201310413684254,495135.83501781,,198661.54814343993,40.122635869466826,175.72214223999995,,171.66887742999992,97.69336706329011,43704.0,,5140.0,11.76093721398499,,,,,,,,,,,,,332884.689969408,83.306927428,351723.57757523604,693797.3831612499,347.3910196699999,48844.0,,,,,,,,,,,,,,,,,,
cxl,sharegpt_1000,tail,oldest,234264.64686477397,,589508.733400541,251.64220947978836,57.07588473399999,,174.24697694699998,305.29001479183626,247342.00870021599,,628927.132431885,254.27428835760713,495135.83501781,,1368197.1923454897,276.32764497772126,175.72214223999995,,982.5682998699996,559.1602101731809,43704.0,,67492.0,154.42980047592897,,,,,,,,,,,,,,,,,,,823773.380265315,231.32286168099998,876269.141132101,1863333.0273632999,1158.2904421099995,111196.0,,,,,,,,,,,,
cxl,sharegpt_1000,tail,random,234264.64686477397,,97096.947605797,41.44754614290772,57.07588473399999,,23.974414501000005,42.00445531897028,247342.00870021599,,102846.71375786499,41.58077081136569,495135.83501781,,194743.87567275006,39.33140401072872,175.72214223999995,,124.74152474999997,70.98793763829087,43704.0,,11576.0,26.48727805235219,,,,,,,,,,,,,,,,,,,,,,,,,331361.59447057097,81.050299235,350188.72245808097,689879.71069056,300.4636669899999,55280.0,,,,,,
cxl,sharegpt_1000,tail,smallest_kv,234264.64686477397,,90747.422055896,38.73713907343377,57.07588473399999,,30.584132337999996,53.58503417079944,247342.00870021599,,97774.708564401,39.53016678331666,495135.83501781,,203430.33399443992,41.0857626548324,175.72214223999995,,156.0757954499999,88.81965212832016,43704.0,,-20224.0,-46.274940508877904,,,,,,,,,,,,,,,,,,,,,,,,,,,,,,,325012.06892066996,87.66001707199999,345116.717264617,698566.1690122499,331.79793768999986,23480.0
ethernet,sharegpt_1000,tail,evicpress,241148.527103109,319463.13773592294,78314.61063281394,32.47567446237339,58.346212992,86.878952198,28.532739205999995,48.90246983109631,254535.963709093,338121.17383534997,83585.21012625698,32.838271224331116,510065.31733780995,669193.12974298,159127.81240517006,31.19753627549267,178.91215353999996,469.21192067999993,290.29976714,162.258271110183,43704.0,22744.0,-20960.0,-47.95899688815669,,,,,,,,,,,,,,,,,,,,,,,,,,,,,,,,,,,,
ethernet,sharegpt_1000,tail,harp,241148.527103109,,-121661.227194208,-50.45074446678613,58.346212992,,-11.174669549999997,-19.152347645137116,254535.963709093,,-122932.76243668399,-48.29681458184149,510065.31733780995,,-256363.47346850997,-50.260910662687465,178.91215353999996,,-82.18224303999999,-45.93441049918738,43704.0,,2242.0,5.129965220574776,119487.299908901,47.171543442,131603.201272409,253701.84386929998,96.72991049999997,45946.0,,,,,,,,,,,,,,,,,,,,,,,,,,,,,,
ethernet,sharegpt_1000,tail,largest_kv,241148.527103109,,73400.25501356204,30.437778698178803,58.346212992,,23.883490678999998,40.934088870985896,254535.963709093,,79047.78121709701,31.055643401118772,510065.31733780995,,190813.44619836996,37.40961004647108,178.91215353999996,,143.51742301999997,80.21669863132765,43704.0,,94064.0,215.2297272560864,,,,,,,314548.78211667103,82.229703671,333583.74492619,700878.7635361799,322.42957655999993,137768.0,,,,,,,,,,,,,,,,,,,,,,,,
ethernet,sharegpt_1000,tail,lru,241148.527103109,,99332.116795776,41.191260004380666,58.346212992,,26.735023174,45.82135121205845,254535.963709093,,105176.62082634697,41.320927421695295,510065.31733780995,,200391.71355444007,39.287461182490695,178.91215353999996,,177.51866525999992,99.22113268862503,43704.0,,5140.0,11.76093721398499,,,,,,,,,,,,,340480.643898885,85.081236166,359712.58453543996,710457.03089225,356.4308187999999,48844.0,,,,,,,,,,,,,,,,,,
ethernet,sharegpt_1000,tail,oldest,241148.527103109,,599551.294271115,248.6232453805376,58.346212992,,177.461027079,304.15174863762303,254535.963709093,,639647.338682069,251.29939571647978,510065.31733780995,,1390684.7468664902,272.64836474765775,178.91215353999996,,1004.3812106199998,561.3823268833702,43704.0,,67492.0,154.42980047592897,,,,,,,,,,,,,,,,,,,840699.8213742239,235.807240071,894183.3023911619,1900750.0642043,1183.2933641599998,111196.0,,,,,,,,,,,,
ethernet,sharegpt_1000,tail,random,241148.527103109,,133725.72193506098,55.453675600466454,58.346212992,,46.52783379700001,79.74439369934696,254535.963709093,,141914.735684958,55.754296413355235,510065.31733780995,,266792.95255944005,52.30564468721687,178.91215353999996,,282.00846348999994,157.62398356406257,43704.0,,8756.0,20.034779425224237,,,,,,,,,,,,,,,,,,,,,,,,,374874.24903817,104.874046789,396450.699394051,776858.26989725,460.9206170299999,52460.0,,,,,,
ethernet,sharegpt_1000,tail,smallest_kv,241148.527103109,,87804.29512692202,36.41087763699221,58.346212992,,30.17675203599999,51.720155411179135,254535.963709093,,94731.45652667497,37.21731701337998,510065.31733780995,,197058.73211544007,38.634019098563904,178.91215353999996,,154.54829216999985,86.38222116947857,43704.0,,-20224.0,-46.274940508877904,,,,,,,,,,,,,,,,,,,,,,,,,,,,,,,328952.822230031,88.52296502799999,349267.42023576796,707124.04945325,333.4604457099998,23480.0
pcie_nvme,sharegpt_1000,tail,evicpress,237465.389955052,319463.13773592294,81997.74778087094,34.53039948111666,57.66359117,86.878952198,29.215361027999997,50.66517786217857,250686.608137557,338121.17383534997,87434.56569779298,34.8780361054691,502077.54145981,669193.12974298,167115.58828317001,33.28481648417791,177.17548883999993,469.21192067999993,292.03643184,164.8289127079685,43704.0,22744.0,-20960.0,-47.95899688815669,,,,,,,,,,,,,,,,,,,,,,,,,,,,,,,,,,,,
pcie_nvme,sharegpt_1000,tail,harp,237465.389955052,,-119880.63946477901,-50.48341549371481,57.66359117,,-11.088863611999997,-19.230268852504416,250686.608137557,,-121132.60198411199,-48.320332260287316,502077.54145981,,-252491.74638851002,-50.28939268113456,177.17548883999993,,-82.29588317999995,-46.44879701972661,43704.0,,2242.0,5.129965220574776,117584.75049027299,46.574727558,129554.006153445,249585.79507129997,94.87960565999998,45946.0,,,,,,,,,,,,,,,,,,,,,,,,,,,,,,
pcie_nvme,sharegpt_1000,tail,largest_kv,237465.389955052,,65982.97548787901,27.786354676935627,57.66359117,,21.965041812999992,38.09169940221743,250686.608137557,,71214.67532155797,28.407849885016983,502077.54145981,,174611.81375221,34.777857867236875,177.17548883999993,,136.1924382,76.86866794706006,43704.0,,94064.0,215.2297272560864,,,,,,,303448.365442931,79.62863298299999,321901.28345911496,676689.35521202,313.3679270399999,137768.0,,,,,,,,,,,,,,,,,,,,,,,,
pcie_nvme,sharegpt_1000,tail,lru,237465.389955052,,98961.434829453,41.674045572782056,57.66359117,,26.469864476999994,45.90394725670707,250686.608137557,,104762.26030836703,41.79013034907783,502077.54145981,,199491.50287443993,39.73320581008476,177.17548883999993,,174.41967551999997,98.44458545702751,43704.0,,5140.0,11.76093721398499,,,,,,,,,,,,,336426.824784505,84.13345564699999,355448.868445924,701569.0443342499,351.5951643599999,48844.0,,,,,,,,,,,,,,,,,,
pcie_nvme,sharegpt_1000,tail,oldest,237465.389955052,,594271.276741025,250.2559538691133,57.66359117,,175.768705871,304.81748067478196,250686.608137557,,634010.464471464,252.9095866674973,502077.54145981,,1378861.32707049,274.6311502126538,177.17548883999993,,992.9016466899997,560.4057610850728,43704.0,,67492.0,154.42980047592897,,,,,,,,,,,,,,,,,,,831736.666696077,233.432297041,884697.072609021,1880938.8685303,1170.0771355299996,111196.0,,,,,,,,,,,,
pcie_nvme,sharegpt_1000,tail,random,237465.389955052,,82083.11719839502,34.56634973792682,57.66359117,,29.759972530000006,51.60964124184291,250686.608137557,,88703.15080190398,35.38408033078125,502077.54145981,,216429.22753899998,43.10673345589679,177.17548883999993,,164.16564927,92.65708837312783,43704.0,,6648.0,15.211422295442064,,,,,,,,,,,,,,,,,,,,,,,,,319548.507153447,87.4235637,339389.75893946097,718506.76899881,341.3411381099999,50352.0,,,,,,
pcie_nvme,sharegpt_1000,tail,smallest_kv,237465.389955052,,89299.02996425296,37.605071619555034,57.66359117,,30.37631443099999,52.67849923090385,250686.608137557,,96275.38306299096,38.40467736918865,502077.54145981,,200294.53220043995,39.89314710593822,177.17548883999993,,155.2941924799999,87.64993030172467,43704.0,,-20224.0,-46.274940508877904,,,,,,,,,,,,,,,,,,,,,,,,,,,,,,,326764.41991930496,88.03990560099999,346961.99120054796,702372.0736602499,332.46968131999984,23480.0
ssd,sharegpt_1000,tail,evicpress,234165.079606838,391094.229198646,156929.14959180797,67.01646114582552,57.06730672,110.322976793,53.255670073,93.3208050877506,247239.008773712,415388.716490268,168149.707716556,68.01099411883533,494919.68592981,877252.8870041299,382333.20107431995,77.25156463639695,175.77531511999993,553.8289882999999,378.0536731799999,215.0777957200115,43704.0,78783.0,35079.0,80.26496430532674,,,,,,,,,,,,,,,,,,,,,,,,,,,,,,,,,,,,
ssd,sharegpt_1000,tail,harp,234165.079606838,,-118367.988047114,-50.5489495896883,57.06730672,,-11.048641424000003,-19.360719927102956,247239.008773712,,-119609.34029336901,-48.37802128661771,494919.68592981,,-249186.35637151002,-50.348847187874824,175.77531511999993,,-82.45133176999995,-46.90723024089663,43704.0,,2152.1214809417725,4.924312376308284,115797.091559724,46.018665295999995,127629.668480343,245733.32955829997,93.32398334999998,45856.12148094177,,,,,,,,,,,,,,,,,,,,,,,,,,,,,,
ssd,sharegpt_1000,tail,largest_kv,234165.079606838,,58475.267390076944,24.971813683003727,57.06730672,,20.029570407,35.09815261700509,247239.008773712,,63287.732132417004,25.597793991457774,494919.68592981,,158223.71802104992,31.969574563152324,175.77531511999993,,131.11187612000006,74.59060791925839,43704.0,,94064.0,215.2297272560864,,,,,,,292640.34699691494,77.096877127,310526.740906129,653143.4039508599,306.88719124,137768.0,,,,,,,,,,,,,,,,,,,,,,,,
ssd,sharegpt_1000,tail,lru,234165.079606838,,98575.50348724198,42.096585730353034,57.06730672,,26.208833600999988,45.92617929139935,247239.008773712,,104333.44337461996,42.19942633329039,494919.68592981,,198551.81216744002,40.117986374783,175.77531511999993,,171.50500538999992,97.57058621850018,43704.0,,5140.0,11.76093721398499,,,,,,,,,,,,,332740.58309408,83.27614032099999,351572.45214833197,693471.49809725,347.28032050999985,48844.0,,,,,,,,,,,,,,,,,,
ssd,sharegpt_1000,tail,oldest,234165.079606838,,589054.0097466931,251.55501867986115,57.06730672,,174.10971704899998,305.09538132448944,247239.008773712,,628443.6361990849,254.18466095464504,494919.68592981,,1367179.86731349,276.2427735613218,175.77531511999993,,981.6175663799997,558.4501815342273,43704.0,,67492.0,154.42980047592897,,,,,,,,,,,,,,,,,,,823219.089353531,231.177023769,875682.6449727969,1862099.5532433,1157.3928814999997,111196.0,,,,,,,,,,,,
ssd,sharegpt_1000,tail,random,234165.079606838,,81629.09651920997,34.859636909254284,57.06730672,,29.222664201999997,51.20736527024242,247239.008773712,,87694.23775805501,35.46941811205773,494919.68592981,,200234.93126489996,40.458065612952296,175.77531511999993,,168.81526822999993,96.04037296974923,43704.0,,12220.0,27.960827384221126,,,,,,,,,,,,,,,,,,,,,,,,,315794.17612604797,86.289970922,334933.246531767,695154.61719471,344.59058334999986,55924.0,,,,,,
ssd,sharegpt_1000,tail,smallest_kv,234165.079606838,,91055.65257756796,38.88523973363148,57.06730672,,30.65117023599999,53.7105603851073,247239.008773712,,98098.93818392899,39.67777523073433,494919.68592981,,204098.17255443992,41.238645048236236,175.77531511999993,,156.33504654999993,88.94027380538141,43704.0,,-20224.0,-46.274940508877904,,,,,,,,,,,,,,,,,,,,,,,,,,,,,,,325220.73218440596,87.71847695599999,345337.946957641,699017.8584842499,332.11036166999986,23480.0
