instance id,request id,model,input,output,arrival,end_time,latency,queuing_delay,TTFT,TPOT,ITL,npu_cache_hit,storage_cache_hit,prefix_cache_hit,tier_reload_source,evict_npu_to_cpu_bytes,evict_npu_to_cxl_bytes,load_cpu_to_npu_bytes,load_cxl_to_npu_bytes,tier_transition_bytes_total
0,8,meta-llama/Llama-3.1-8B,12,52,903845068,2265807736,1361962668,11293650,38635921,33931455,"[25221274, 25221274, 25221274, 25221274, 27748146, 25739486, 25739486, 25739486, 25739486, 25739486, 25739486, 25739486, 25739486, 25739486, 25739486, 25739486, 25739486, 28808832, 25776272, 25776272, 25776272, 25776272, 25776272, 25776272, 29496582, 27555404, 69717978, 96123413, 51256885, 32012743, 26675277, 26675277, 28558674, 70229042, 118043521, 42936682, 27088051, 27088051, 28895629]",0,0,0,NPU,0,0,0,0,0
0,11,meta-llama/Llama-3.1-8B,31,68,1379405751,2784949292,1405543541,582312,29391144,38226455,"[25776272, 25776272, 25776272, 25776272, 25776272, 25776272, 29496582, 27555404, 69717978, 96123413, 51256885, 32012743, 26675277, 26675277, 28558674, 70229042, 118043521, 42936682, 27088051, 27088051, 28895629, 51476100, 27218200, 30751195, 27276468, 27276468, 30497428, 27680923, 27680923, 30572150, 98152021, 28111936, 28111936, 28111936, 28111936, 28111936]",0,0,0,NPU,0,0,0,0,0
0,25,meta-llama/Llama-3.1-8B,4,28,2228417547,3013993380,785575833,8494560,37390189,32529810,"[51476100, 27218200, 30751195, 27276468, 27276468, 30497428, 27680923, 27680923, 30572150, 98152021, 28111936, 28111936, 28111936, 28111936, 28111936, 27763985, 27763985, 32956438, 28111936, 28111936, 28111936, 28111936, 28111936]",0,0,0,NPU,0,0,0,0,0
0,35,meta-llama/Llama-3.1-8B,1,10,3336021694,3824596204,488574510,45993997,88561496,50001626,"[33481036, 28417079, 28417079, 192591744, 31063928, 28680716, 28680716, 28680716]",0,0,0,NPU,0,0,0,0,0
0,28,meta-llama/Llama-3.1-8B,7,43,2412644520,3881599904,1468955384,17161647,47659075,40608465,"[27680923, 27680923, 30572150, 98152021, 28111936, 28111936, 28111936, 28111936, 28111936, 27763985, 27763985, 32956438, 28111936, 28111936, 28111936, 28111936, 28111936, 27763985, 27763985, 27763985, 27763985, 27763985, 27763985, 201438401, 42567499, 33481036, 28417079, 28417079, 192591744, 31063928, 28680716, 28680716, 28680716, 28501850, 28501850]",0,0,0,NPU,0,0,0,0,0
0,1,meta-llama/Llama-3.1-8B,19,138,347938951,4413072559,4065133608,13322253,40156190,34109978,"[24481019, 24481019, 24481019, 24481019, 29952184, 24432469, 24432469, 24432469, 93688022, 27176092, 25062055, 25062055, 25062055, 25062055, 25062055, 28986743, 25354389, 25354389, 27342271, 25221274, 25221274, 25221274, 25221274, 27748146, 25739486, 25739486, 25739486, 25739486, 25739486, 25739486, 25739486, 25739486, 25739486, 25739486, 25739486, 25739486, 28808832, 25776272, 25776272, 25776272, 25776272, 25776272, 25776272, 29496582, 27555404, 69717978, 96123413, 51256885, 32012743, 26675277, 26675277, 28558674, 70229042, 118043521, 42936682, 27088051, 27088051, 28895629, 51476100, 27218200, 30751195, 27276468, 27276468, 30497428, 27680923, 27680923, 30572150, 98152021, 28111936, 28111936, 28111936, 28111936, 28111936, 27763985, 27763985, 32956438, 28111936, 28111936, 28111936, 28111936, 28111936, 27763985, 27763985, 27763985, 27763985, 27763985, 27763985, 201438401, 42567499, 33481036, 28417079, 28417079, 192591744, 31063928, 28680716, 28680716, 28680716, 28501850, 28501850, 28422327, 28422327, 28422327, 28422327, 28422327, 28422327, 28422327, 28422327, 28422327, 28422327, 28422327, 28422327, 28422327, 28422327, 28422327, 28422327, 25830947, 25442238, 25442238]",0,0,0,NPU,0,0,0,0,0
0,6,meta-llama/Llama-3.1-8B,21,134,610813767,4578722921,3967909154,72143063,99319155,34540982,"[25062055, 25062055, 25062055, 25062055, 25062055, 28986743, 25354389, 25354389, 27342271, 25221274, 25221274, 25221274, 25221274, 27748146, 25739486, 25739486, 25739486, 25739486, 25739486, 25739486, 25739486, 25739486, 25739486, 25739486, 25739486, 25739486, 28808832, 25776272, 25776272, 25776272, 25776272, 25776272, 25776272, 29496582, 27555404, 69717978, 96123413, 51256885, 32012743, 26675277, 26675277, 28558674, 70229042, 118043521, 42936682, 27088051, 27088051, 28895629, 51476100, 27218200, 30751195, 27276468, 27276468, 30497428, 27680923, 27680923, 30572150, 98152021, 28111936, 28111936, 28111936, 28111936, 28111936, 27763985, 27763985, 32956438, 28111936, 28111936, 28111936, 28111936, 28111936, 27763985, 27763985, 27763985, 27763985, 27763985, 27763985, 201438401, 42567499, 33481036, 28417079, 28417079, 192591744, 31063928, 28680716, 28680716, 28680716, 28501850, 28501850, 28422327, 28422327, 28422327, 28422327, 28422327, 28422327, 28422327, 28422327, 28422327, 28422327, 28422327, 28422327, 28422327, 28422327, 28422327, 28422327, 25830947, 79078151, 28193675, 28193675, 28193675, 26360054, 26515608]",0,0,0,NPU,0,0,0,0,0
0,2,meta-llama/Llama-3.1-8B,91,216,479613520,4717184943,4237571423,6405697,36357881,33880754,"[24432469, 24432469, 24432469, 93688022, 27176092, 25062055, 25062055, 25062055, 25062055, 25062055, 28986743, 25354389, 25354389, 27342271, 25221274, 25221274, 25221274, 25221274, 27748146, 25739486, 25739486, 25739486, 25739486, 25739486, 25739486, 25739486, 25739486, 25739486, 25739486, 25739486, 25739486, 28808832, 25776272, 25776272, 25776272, 25776272, 25776272, 25776272, 29496582, 27555404, 69717978, 96123413, 51256885, 32012743, 26675277, 26675277, 28558674, 70229042, 118043521, 42936682, 27088051, 27088051, 28895629, 51476100, 27218200, 30751195, 27276468, 27276468, 30497428, 27680923, 27680923, 30572150, 98152021, 28111936, 28111936, 28111936, 28111936, 28111936, 27763985, 27763985, 32956438, 28111936, 28111936, 28111936, 28111936, 28111936, 27763985, 27763985, 27763985, 27763985, 27763985, 27763985, 201438401, 42567499, 33481036, 28417079, 28417079, 192591744, 31063928, 28680716, 28680716, 28680716, 28501850, 28501850, 28422327, 28422327, 28422327, 28422327, 28422327, 28422327, 28422327, 28422327, 28422327, 28422327, 28422327, 28422327, 28422327, 28422327, 28422327, 28422327, 25830947, 25442238, 25442238, 28193675, 28193675, 28193675, 28193675, 26360054, 26515608, 28272208, 28272208, 28272208, 26822699, 26822699]",0,0,0,NPU,0,0,0,0,0
0,0,meta-llama/Llama-3.1-8B,25,644,46926808,16934951499,16888024691,0,26117460,27284639,"[24018078, 24018078, 24018078, 24018078, 24018078, 24018078, 24018078, 24018078, 24018078, 24018078, 24018078, 24018078, 26833937, 24481019, 24481019, 24481019, 24481019, 29952184, 24432469, 24432469, 24432469, 93688022, 27176092, 25062055, 25062055, 25062055, 25062055, 25062055, 28986743, 25354389, 25354389, 27342271, 25221274, 25221274, 25221274, 25221274, 27748146, 25739486, 25739486, 25739486, 25739486, 25739486, 25739486, 25739486, 25739486, 25739486, 25739486, 25739486, 25739486, 28808832, 25776272, 25776272, 25776272, 25776272, 25776272, 25776272, 29496582, 27555404, 69717978, 96123413, 51256885, 32012743, 26675277, 26675277, 28558674, 70229042, 118043521, 42936682, 27088051, 27088051, 28895629, 51476100, 27218200, 30751195, 27276468, 27276468, 30497428, 27680923, 27680923, 30572150, 98152021, 28111936, 28111936, 28111936, 28111936, 28111936, 27763985, 27763985, 32956438, 28111936, 28111936, 28111936, 28111936, 28111936, 27763985, 27763985, 27763985, 27763985, 27763985, 27763985, 201438401, 42567499, 33481036, 28417079, 28417079, 192591744, 31063928, 28680716, 28680716, 28680716, 28501850, 28501850, 28422327, 28422327, 28422327, 28422327, 28422327, 28422327, 28422327, 28422327, 28422327, 28422327, 28422327, 28422327, 28422327, 28422327, 28422327, 28422327, 25830947, 25442238, 25442238, 28193675, 28193675, 28193675, 28193675, 26360054, 26515608, 28272208, 28272208, 28272208, 26822699, 26822699, 28107904, 28107904, 28107904, 28107904, 28107904, 26822699, 26822699, 25802576, 25669544, 24620638, 24620638, 24620638, 24620638, 24620638, 24620638, 24620638, 24620638, 24620638, 24620638, 24620638, 24620638, 24620638, 24620638, 24620638, 24620638, 25003134, 25003134, 25003134, 25003134, 25003134, 25003134, 25003134, 25003134, 25003134, 25003134, 25003134, 25003134, 25003134, 25003134, 25003134, 25003134, 25003134, 25003134, 25003134, 25003134, 25003134, 25003134, 25003134, 25003134, 25003134, 25003134, 25003134, 25003134, 25003134, 25003134, 25003134, 25003134, 25003134, 25003134, 25003134, 25003134, 25003134, 25003134, 25003134, 25003134, 25003134, 25003134, 25003134, 25003134, 25003134, 25003134, 25003134, 25003134, 25003134, 25003134, 25003134, 25003134, 25003134, 25003134, 25003134, 25003134, 25003134, 25003134, 25003134, 25003134, 25003134, 25003134, 25003134, 25003134, 25350782, 25350782, 25350782, 25350782, 25350782, 25350782, 25350782, 25350782, 25350782, 25350782, 25350782, 25350782, 25350782, 25350782, 25350782, 25350782, 25350782, 25350782, 25350782, 25350782, 25350782, 25350782, 25350782, 25350782, 25350782, 25350782, 25350782, 25350782, 25350782, 25350782, 25350782, 25350782, 25350782, 25350782, 25350782, 25350782, 25350782, 25350782, 25350782, 25350782, 25350782, 25350782, 25350782, 25350782, 25350782, 25350782, 25350782, 25350782, 25350782, 25350782, 25350782, 25350782, 25350782, 25350782, 25350782, 25350782, 25350782, 25350782, 25350782, 25350782, 25350782, 25350782, 25350782, 25350782, 25567390, 25567390, 25567390, 25567390, 25567390, 25567390, 25567390, 25567390, 25567390, 25567390, 25567390, 25567390, 25567390, 25567390, 25567390, 27830949, 25012571, 25012571, 25012571, 25012571, 25012571, 25012571, 25012571, 25012571, 25012571, 25012571, 25012571, 25012571, 25177211, 25177211, 25177211, 25177211, 25177211, 25177211, 25177211, 25177211, 25177211, 25177211, 25177211, 25177211, 25177211, 25177211, 25177211, 25177211, 25177211, 25177211, 25177211, 25177211, 25177211, 25177211, 25177211, 25177211, 25177211, 25177211, 25177211, 25177211, 25177211, 25177211, 25177211, 25177211, 25177211, 25177211, 25177211, 25177211, 25177211, 25177211, 25177211, 25177211, 25177211, 25177211, 25177211, 25177211, 25177211, 25177211, 25177211, 25177211, 25177211, 25177211, 25177211, 25177211, 25177211, 25177211, 25177211, 25177211, 25177211, 25177211, 25177211, 25177211, 25177211, 25177211, 25177211, 25177211, 25262203, 25262203, 25262203, 25262203, 25262203, 25262203, 25262203, 25262203, 25262203, 25262203, 25262203, 25262203, 25262203, 25262203, 25262203, 25262203, 25262203, 25262203, 25262203, 25262203, 25262203, 25262203, 25262203, 25262203, 25262203, 25262203, 25262203, 25262203, 25262203, 25262203, 25262203, 25262203, 25262203, 25262203, 25262203, 25262203, 25262203, 25262203, 25262203, 25262203, 25262203, 25262203, 25262203, 25262203, 25262203, 25262203, 25262203, 25262203, 25262203, 25262203, 25262203, 25262203, 25262203, 25262203, 25262203, 25262203, 25262203, 25262203, 25262203, 25262203, 25262203, 25262203, 25262203, 25262203, 25536603, 25536603, 25536603, 25536603, 25536603, 25536603, 25536603, 25536603, 25536603, 25536603, 25536603, 25536603, 25536603, 25536603, 25536603, 25536603, 25536603, 25536603, 25536603, 25536603, 25536603, 25536603, 25536603, 25536603, 25536603, 25536603, 25536603, 25536603, 25536603, 25536603, 25536603, 25536603, 25536603, 25536603, 25536603, 25536603, 25536603, 25536603, 25536603, 25536603, 25536603, 25536603, 25536603, 25536603, 25536603, 25536603, 25536603, 25536603, 25536603, 25536603, 25536603, 29465448, 26581534, 26581534, 26581534, 26581534, 26581534, 26581534, 26581534, 26581534, 26581534, 26581534, 26581534, 26581534, 26581534, 26581534, 26581534, 26581534, 26581534, 26581534, 26581534, 26581534, 26581534, 26581534, 26581534, 26581534, 26581534, 26581534, 26581534, 26581534, 26581534, 26581534, 26581534, 26581534, 26581534, 26581534, 26581534, 26581534, 26581534, 26581534, 26581534, 26581534, 26581534, 26581534, 26581534, 26581534, 26581534, 26581534, 26581534, 26581534, 26971646, 26971646, 26971646, 26971646, 26971646, 26971646, 26971646, 26971646, 26971646, 26971646, 26971646, 26971646, 26971646, 26971646, 26971646, 26971646, 26971646, 26971646, 26971646, 26971646, 26971646, 26971646, 26971646, 26971646, 26971646, 26971646, 26971646, 26971646, 26971646, 26971646, 26971646, 26971646, 26971646, 26971646, 26971646, 26971646, 26971646, 26971646, 26971646, 26971646, 26971646, 26971646, 26971646, 26971646, 26971646, 26971646, 26971646, 26971646, 26971646, 26971646, 26971646, 26971646, 26971646, 26971646, 26971646, 26971646, 26971646, 26971646, 26971646, 26971646, 26971646, 26971646, 26971646, 26971646, 27327454, 27327454, 27327454]",0,0,0,CXL,0,136314880,0,136314880,272629760
0,3,meta-llama/Llama-3.1-8B,23,425,570907775,19024228535,18453320760,18361033,112049055,45738832,"[27176092, 25062055, 25062055, 25062055, 25062055, 25062055, 28986743, 25354389, 25354389, 27342271, 25221274, 25221274, 25221274, 25221274, 27748146, 25739486, 25739486, 25739486, 25739486, 25739486, 25739486, 25739486, 25739486, 25739486, 25739486, 25739486, 25739486, 28808832, 25776272, 25776272, 25776272, 25776272, 25776272, 25776272, 29496582, 27555404, 69717978, 96123413, 51256885, 32012743, 26675277, 26675277, 28558674, 70229042, 118043521, 42936682, 27088051, 27088051, 28895629, 51476100, 27218200, 30751195, 27276468, 27276468, 30497428, 27680923, 27680923, 30572150, 98152021, 28111936, 28111936, 28111936, 28111936, 28111936, 27763985, 27763985, 32956438, 28111936, 28111936, 28111936, 28111936, 28111936, 27763985, 27763985, 27763985, 27763985, 27763985, 27763985, 201438401, 42567499, 33481036, 28417079, 28417079, 192591744, 31063928, 28680716, 28680716, 28680716, 28501850, 28501850, 28422327, 28422327, 28422327, 28422327, 28422327, 28422327, 28422327, 28422327, 28422327, 28422327, 28422327, 28422327, 28422327, 28422327, 28422327, 28422327, 25830947, 25442238, 25442238, 28193675, 28193675, 28193675, 28193675, 26360054, 26515608, 28272208, 28272208, 28272208, 26822699, 26822699, 28107904, 28107904, 28107904, 28107904, 28107904, 26822699, 26822699, 25802576, 4053592175, 25012571, 25012571, 25012571, 25012571, 25012571, 25012571, 25012571, 25012571, 25012571, 25012571, 25012571, 25012571, 25177211, 25177211, 25177211, 25177211, 25177211, 25177211, 25177211, 25177211, 25177211, 25177211, 25177211, 25177211, 25177211, 25177211, 25177211, 25177211, 25177211, 25177211, 25177211, 25177211, 25177211, 25177211, 25177211, 25177211, 25177211, 25177211, 25177211, 25177211, 25177211, 25177211, 25177211, 25177211, 25177211, 25177211, 25177211, 25177211, 25177211, 25177211, 25177211, 25177211, 25177211, 25177211, 25177211, 25177211, 25177211, 25177211, 25177211, 25177211, 25177211, 25177211, 25177211, 25177211, 25177211, 25177211, 25177211, 25177211, 25177211, 25177211, 25177211, 25177211, 25177211, 25177211, 25177211, 25177211, 25262203, 25262203, 25262203, 25262203, 25262203, 25262203, 25262203, 25262203, 25262203, 25262203, 25262203, 25262203, 25262203, 25262203, 25262203, 25262203, 25262203, 25262203, 25262203, 25262203, 25262203, 25262203, 25262203, 25262203, 25262203, 25262203, 25262203, 25262203, 25262203, 25262203, 25262203, 25262203, 25262203, 25262203, 25262203, 25262203, 25262203, 25262203, 25262203, 25262203, 25262203, 25262203, 25262203, 25262203, 25262203, 25262203, 25262203, 25262203, 25262203, 25262203, 25262203, 25262203, 25262203, 25262203, 25262203, 25262203, 25262203, 25262203, 25262203, 25262203, 25262203, 25262203, 25262203, 25262203, 25536603, 25536603, 25536603, 25536603, 25536603, 25536603, 25536603, 25536603, 25536603, 25536603, 25536603, 25536603, 25536603, 25536603, 25536603, 25536603, 25536603, 25536603, 25536603, 25536603, 25536603, 25536603, 25536603, 25536603, 25536603, 25536603, 25536603, 25536603, 25536603, 25536603, 25536603, 25536603, 25536603, 25536603, 25536603, 25536603, 25536603, 25536603, 25536603, 25536603, 25536603, 25536603, 25536603, 25536603, 25536603, 25536603, 25536603, 25536603, 25536603, 25536603, 25536603, 3139835182, 25567390, 25567390, 25567390, 25567390, 25567390, 25567390, 25567390, 25567390, 25567390, 25567390, 25567390, 25567390, 25567390, 25567390, 25567390, 25567390, 25567390, 25567390, 25567390, 25567390, 25567390, 25567390, 25567390, 25567390, 25567390, 25567390, 25567390, 25567390, 25567390, 25567390, 25567390, 25567390, 25567390, 25567390, 25567390, 25567390, 25567390, 25567390, 25567390, 25567390, 26007326, 26007326, 26007326, 26007326, 26007326, 26007326, 26007326, 26007326, 26007326, 26007326, 26007326, 26007326, 26007326, 26007326, 26007326, 26007326, 26007326, 26007326, 26007326, 26007326, 26007326, 26007326, 26007326, 26007326, 26007326, 26007326, 26007326, 26007326, 26007326, 26007326, 26007326, 26007326, 26007326, 26007326, 26007326, 26007326, 26007326, 26007326, 26007326, 26007326]",0,0,0,CXL,0,67108864,0,67108864,134217728
0,34,meta-llama/Llama-3.1-8B,1065,1110,3170788537,19164208482,15993419945,9788753,211227154,358686199,"[42567499, 33481036, 28417079, 28417079, 192591744, 31063928, 28680716, 28680716, 28680716, 28501850, 28501850, 28422327, 28422327, 28422327, 28422327, 28422327, 28422327, 28422327, 28422327, 28422327, 28422327, 28422327, 28422327, 28422327, 28422327, 28422327, 28422327, 104909098, 28193675, 28193675, 28193675, 81147870, 28272208, 28272208, 81753302, 28107904, 28107904, 28107904, 28107904, 14195391439, 27773145, 27773145, 27773145, 27773145]",0,0,0,NPU,0,0,0,0,0
0,26,meta-llama/Llama-3.1-8B,192,275,2250691133,19302630537,17051939404,15116603,66592703,207138374,"[27218200, 30751195, 27276468, 27276468, 30497428, 27680923, 27680923, 30572150, 98152021, 28111936, 28111936, 28111936, 28111936, 28111936, 27763985, 27763985, 32956438, 28111936, 28111936, 28111936, 28111936, 28111936, 27763985, 27763985, 27763985, 27763985, 27763985, 27763985, 201438401, 42567499, 33481036, 28417079, 28417079, 192591744, 31063928, 28680716, 28680716, 28680716, 28501850, 28501850, 28422327, 28422327, 28422327, 28422327, 28422327, 28422327, 28422327, 28422327, 28422327, 28422327, 28422327, 28422327, 28422327, 28422327, 28422327, 28422327, 104909098, 28193675, 28193675, 28193675, 81147870, 28272208, 28272208, 26822699, 26822699, 28107904, 28107904, 28107904, 28107904, 28107904, 26822699, 26822699, 14141746041, 27773145, 27773145, 27773145, 27773145, 27684411, 27684411, 27684411, 27684411, 27684411]",0,0,0,NPU,0,0,0,0,0
0,36,meta-llama/Llama-3.1-8B,134,205,3372350479,19907896457,16535545978,9665212,52232711,235475903,"[33481036, 28417079, 28417079, 192591744, 31063928, 28680716, 28680716, 28680716, 28501850, 28501850, 28422327, 28422327, 28422327, 28422327, 28422327, 28422327, 28422327, 28422327, 28422327, 28422327, 28422327, 28422327, 28422327, 28422327, 28422327, 28422327, 104909098, 28193675, 28193675, 28193675, 81147870, 28272208, 28272208, 81753302, 28107904, 28107904, 28107904, 28107904, 14195391439, 27773145, 27773145, 27773145, 27773145, 27684411, 27684411, 27684411, 27684411, 27684411, 27511680, 27511680, 27511680, 27511680, 27511680, 27511680, 27511680, 27511680, 27511680, 27511680, 27511680, 27511680, 27512576, 27512576, 27512576, 27512576, 27512576, 27512576, 27512576, 27512576, 27512576, 27512576]",0,0,0,NPU,0,0,0,0,0
0,24,meta-llama/Llama-3.1-8B,161,286,2074623946,20344359369,18269735423,65175377,108112059,146464704,"[27088051, 27088051, 28895629, 51476100, 27218200, 30751195, 27276468, 27276468, 30497428, 27680923, 27680923, 30572150, 98152021, 28111936, 28111936, 28111936, 28111936, 28111936, 27763985, 27763985, 32956438, 28111936, 28111936, 28111936, 28111936, 28111936, 27763985, 27763985, 27763985, 27763985, 27763985, 27763985, 201438401, 42567499, 33481036, 28417079, 28417079, 192591744, 31063928, 28680716, 28680716, 28680716, 28501850, 28501850, 28422327, 28422327, 28422327, 28422327, 28422327, 28422327, 28422327, 28422327, 28422327, 28422327, 28422327, 28422327, 28422327, 28422327, 28422327, 28422327, 104909098, 28193675, 28193675, 28193675, 81147870, 28272208, 28272208, 26822699, 26822699, 28107904, 28107904, 28107904, 28107904, 28107904, 26822699, 26822699, 14141746041, 27773145, 27773145, 27773145, 27773145, 27684411, 27684411, 27684411, 27684411, 27684411, 27511680, 27511680, 27511680, 27511680, 27511680, 27511680, 27511680, 27511680, 27511680, 27511680, 27511680, 27511680, 27512576, 27512576, 27512576, 27512576, 27512576, 27512576, 27512576, 27512576, 27512576, 27512576, 27278932, 27278932, 27278932, 27278932, 27278932, 27278932, 27278932, 27278932, 27278932, 27278932, 27278932, 27278932, 27278932, 27278932, 27278932, 27278932]",0,0,0,NPU,0,0,0,0,0
0,27,meta-llama/Llama-3.1-8B,34,158,2322894048,20534988689,18212094641,21607988,52359183,147640125,"[27276468, 27276468, 30497428, 27680923, 27680923, 30572150, 98152021, 28111936, 28111936, 28111936, 28111936, 28111936, 27763985, 27763985, 32956438, 28111936, 28111936, 28111936, 28111936, 28111936, 27763985, 27763985, 27763985, 27763985, 27763985, 27763985, 201438401, 42567499, 33481036, 28417079, 28417079, 192591744, 31063928, 28680716, 28680716, 28680716, 28501850, 28501850, 28422327, 28422327, 28422327, 28422327, 28422327, 28422327, 28422327, 28422327, 28422327, 28422327, 28422327, 28422327, 28422327, 28422327, 28422327, 28422327, 104909098, 28193675, 28193675, 28193675, 81147870, 28272208, 28272208, 81753302, 28107904, 28107904, 28107904, 28107904, 26822699, 26822699, 14141746041, 27773145, 27773145, 27773145, 27773145, 27684411, 27684411, 27684411, 27684411, 27684411, 27511680, 27511680, 27511680, 27511680, 27511680, 27511680, 27511680, 27511680, 27511680, 27511680, 27511680, 27511680, 27512576, 27512576, 27512576, 27512576, 27512576, 27512576, 27512576, 27512576, 27512576, 27512576, 27278932, 27278932, 27278932, 27278932, 27278932, 27278932, 27278932, 27278932, 27278932, 27278932, 27278932, 27278932, 27278932, 27278932, 27278932, 27278932, 27232760, 27232760, 27232760, 27232760, 27232760, 27232760, 27232760]",0,0,0,NPU,0,0,0,0,0
0,21,meta-llama/Llama-3.1-8B,301,436,1933551206,20562091972,18628540766,17975554,88204596,138360717,"[118043521, 42936682, 27088051, 27088051, 28895629, 51476100, 27218200, 30751195, 27276468, 27276468, 30497428, 27680923, 27680923, 30572150, 98152021, 28111936, 28111936, 28111936, 28111936, 28111936, 27763985, 27763985, 32956438, 28111936, 28111936, 28111936, 28111936, 28111936, 27763985, 27763985, 27763985, 27763985, 27763985, 27763985, 201438401, 42567499, 33481036, 28417079, 28417079, 192591744, 31063928, 28680716, 28680716, 28680716, 28501850, 28501850, 28422327, 28422327, 28422327, 28422327, 28422327, 28422327, 28422327, 28422327, 28422327, 28422327, 28422327, 28422327, 28422327, 28422327, 28422327, 28422327, 104909098, 28193675, 28193675, 28193675, 81147870, 28272208, 28272208, 26822699, 26822699, 28107904, 28107904, 28107904, 28107904, 28107904, 26822699, 26822699, 14141746041, 27773145, 27773145, 27773145, 27773145, 27684411, 27684411, 27684411, 27684411, 27684411, 27511680, 27511680, 27511680, 27511680, 27511680, 27511680, 27511680, 27511680, 27511680, 27511680, 27511680, 27511680, 27512576, 27512576, 27512576, 27512576, 27512576, 27512576, 27512576, 27512576, 27512576, 27512576, 27278932, 27278932, 27278932, 27278932, 27278932, 27278932, 27278932, 27278932, 27278932, 27278932, 27278932, 27278932, 27278932, 27278932, 27278932, 27278932, 27232760, 27232760, 27232760, 27232760, 27232760, 27232760, 27232760, 27103283]",0,0,0,NPU,0,0,0,0,0
0,10,meta-llama/Llama-3.1-8B,6,180,1029050004,20724458374,19695408370,14316081,42064227,113603145,"[25739486, 25739486, 25739486, 25739486, 25739486, 25739486, 25739486, 25739486, 25739486, 25739486, 25739486, 25739486, 28808832, 25776272, 25776272, 25776272, 25776272, 25776272, 25776272, 29496582, 27555404, 69717978, 96123413, 51256885, 32012743, 26675277, 26675277, 28558674, 70229042, 118043521, 42936682, 27088051, 27088051, 28895629, 51476100, 27218200, 30751195, 27276468, 27276468, 30497428, 27680923, 27680923, 30572150, 98152021, 28111936, 28111936, 28111936, 28111936, 28111936, 27763985, 27763985, 32956438, 28111936, 28111936, 28111936, 28111936, 28111936, 27763985, 27763985, 27763985, 27763985, 27763985, 27763985, 201438401, 42567499, 33481036, 28417079, 28417079, 192591744, 31063928, 28680716, 28680716, 28680716, 28501850, 28501850, 28422327, 28422327, 28422327, 28422327, 28422327, 28422327, 28422327, 28422327, 28422327, 28422327, 28422327, 28422327, 28422327, 28422327, 28422327, 28422327, 25830947, 79078151, 28193675, 28193675, 28193675, 26360054, 26515608, 28272208, 28272208, 28272208, 26822699, 26822699, 28107904, 28107904, 28107904, 28107904, 28107904, 26822699, 26822699, 25802576, 14115943465, 27773145, 27773145, 27773145, 27773145, 27684411, 27684411, 27684411, 27684411, 27684411, 27511680, 27511680, 27511680, 27511680, 27511680, 27511680, 27511680, 27511680, 27511680, 27511680, 27511680, 27511680, 27512576, 27512576, 27512576, 27512576, 27512576, 27512576, 27512576, 27512576, 27512576, 27512576, 27278932, 27278932, 27278932, 27278932, 27278932, 27278932, 27278932, 27278932, 27278932, 27278932, 27278932, 27278932, 27278932, 27278932, 27278932, 27278932, 27232760, 27232760, 27232760, 27232760, 27232760, 27232760, 27232760, 27103283, 27061067, 27061067, 27061067, 27061067, 27061067, 27061067]",0,0,0,NPU,0,0,0,0,0
0,29,meta-llama/Llama-3.1-8B,16,153,2417400904,21019917714,18602516810,12405263,42902691,136467750,"[27680923, 27680923, 30572150, 98152021, 28111936, 28111936, 28111936, 28111936, 28111936, 27763985, 27763985, 32956438, 28111936, 28111936, 28111936, 28111936, 28111936, 27763985, 27763985, 27763985, 27763985, 27763985, 27763985, 201438401, 42567499, 33481036, 28417079, 28417079, 192591744, 31063928, 28680716, 28680716, 28680716, 28501850, 28501850, 28422327, 28422327, 28422327, 28422327, 28422327, 28422327, 28422327, 28422327, 28422327, 28422327, 28422327, 28422327, 28422327, 28422327, 28422327, 28422327, 104909098, 28193675, 28193675, 28193675, 81147870, 28272208, 28272208, 81753302, 28107904, 28107904, 28107904, 28107904, 14195391439, 27773145, 27773145, 27773145, 27773145, 27684411, 27684411, 27684411, 27684411, 27684411, 27511680, 27511680, 27511680, 27511680, 27511680, 27511680, 27511680, 27511680, 27511680, 27511680, 27511680, 27511680, 27512576, 27512576, 27512576, 27512576, 27512576, 27512576, 27512576, 27512576, 27512576, 27512576, 27278932, 27278932, 27278932, 27278932, 27278932, 27278932, 27278932, 27278932, 27278932, 27278932, 27278932, 27278932, 27278932, 27278932, 27278932, 27278932, 27232760, 27232760, 27232760, 27232760, 27232760, 27232760, 27232760, 27103283, 27061067, 27061067, 27061067, 27061067, 27061067, 27061067, 26859940, 26859940, 26859940, 26859940, 26859940, 26859940, 26859940, 26859940, 26859940, 26859940, 26859940]",0,0,0,NPU,0,0,0,0,0
0,23,meta-llama/Llama-3.1-8B,107,259,2013730478,21046644637,19032914159,8025324,126068845,125210896,"[42936682, 27088051, 27088051, 28895629, 51476100, 27218200, 30751195, 27276468, 27276468, 30497428, 27680923, 27680923, 30572150, 98152021, 28111936, 28111936, 28111936, 28111936, 28111936, 27763985, 27763985, 32956438, 28111936, 28111936, 28111936, 28111936, 28111936, 27763985, 27763985, 27763985, 27763985, 27763985, 27763985, 201438401, 42567499, 33481036, 28417079, 28417079, 192591744, 31063928, 28680716, 28680716, 28680716, 28501850, 28501850, 28422327, 28422327, 28422327, 28422327, 28422327, 28422327, 28422327, 28422327, 28422327, 28422327, 28422327, 28422327, 28422327, 28422327, 28422327, 28422327, 104909098, 28193675, 28193675, 28193675, 81147870, 28272208, 28272208, 26822699, 26822699, 28107904, 28107904, 28107904, 28107904, 28107904, 26822699, 26822699, 14141746041, 27773145, 27773145, 27773145, 27773145, 27684411, 27684411, 27684411, 27684411, 27684411, 27511680, 27511680, 27511680, 27511680, 27511680, 27511680, 27511680, 27511680, 27511680, 27511680, 27511680, 27511680, 27512576, 27512576, 27512576, 27512576, 27512576, 27512576, 27512576, 27512576, 27512576, 27512576, 27278932, 27278932, 27278932, 27278932, 27278932, 27278932, 27278932, 27278932, 27278932, 27278932, 27278932, 27278932, 27278932, 27278932, 27278932, 27278932, 27232760, 27232760, 27232760, 27232760, 27232760, 27232760, 27232760, 27103283, 27061067, 27061067, 27061067, 27061067, 27061067, 27061067, 26859940, 26859940, 26859940, 26859940, 26859940, 26859940, 26859940, 26859940, 26859940, 26859940, 26859940, 26726923]",0,0,0,NPU,0,0,0,0,0
0,37,meta-llama/Llama-3.1-8B,43,156,3382628210,21073339840,17690711630,41954980,75436016,157279246,"[28417079, 28417079, 192591744, 31063928, 28680716, 28680716, 28680716, 28501850, 28501850, 28422327, 28422327, 28422327, 28422327, 28422327, 28422327, 28422327, 28422327, 28422327, 28422327, 28422327, 28422327, 28422327, 28422327, 28422327, 28422327, 104909098, 28193675, 28193675, 28193675, 81147870, 28272208, 28272208, 81753302, 28107904, 28107904, 28107904, 28107904, 14195391439, 27773145, 27773145, 27773145, 27773145, 27684411, 27684411, 27684411, 27684411, 27684411, 27511680, 27511680, 27511680, 27511680, 27511680, 27511680, 27511680, 27511680, 27511680, 27511680, 27511680, 27511680, 27512576, 27512576, 27512576, 27512576, 27512576, 27512576, 27512576, 27512576, 27512576, 27512576, 27278932, 27278932, 27278932, 27278932, 27278932, 27278932, 27278932, 27278932, 27278932, 27278932, 27278932, 27278932, 27278932, 27278932, 27278932, 27278932, 27232760, 27232760, 27232760, 27232760, 27232760, 27232760, 27232760, 27103283, 27061067, 27061067, 27061067, 27061067, 27061067, 27061067, 26859940, 26859940, 26859940, 26859940, 26859940, 26859940, 26859940, 26859940, 26859940, 26859940, 26859940, 26726923, 26695203]",0,0,0,NPU,0,0,0,0,0
0,31,meta-llama/Llama-3.1-8B,439,585,2529630331,21366113871,18836483540,16607260,114759281,129115339,"[28111936, 28111936, 28111936, 28111936, 28111936, 27763985, 27763985, 32956438, 28111936, 28111936, 28111936, 28111936, 28111936, 27763985, 27763985, 27763985, 27763985, 27763985, 27763985, 201438401, 42567499, 33481036, 28417079, 28417079, 192591744, 31063928, 28680716, 28680716, 28680716, 28501850, 28501850, 28422327, 28422327, 28422327, 28422327, 28422327, 28422327, 28422327, 28422327, 28422327, 28422327, 28422327, 28422327, 28422327, 28422327, 28422327, 28422327, 104909098, 28193675, 28193675, 28193675, 81147870, 28272208, 28272208, 81753302, 28107904, 28107904, 28107904, 28107904, 14195391439, 27773145, 27773145, 27773145, 27773145, 27684411, 27684411, 27684411, 27684411, 27684411, 27511680, 27511680, 27511680, 27511680, 27511680, 27511680, 27511680, 27511680, 27511680, 27511680, 27511680, 27511680, 27512576, 27512576, 27512576, 27512576, 27512576, 27512576, 27512576, 27512576, 27512576, 27512576, 27278932, 27278932, 27278932, 27278932, 27278932, 27278932, 27278932, 27278932, 27278932, 27278932, 27278932, 27278932, 27278932, 27278932, 27278932, 27278932, 27232760, 27232760, 27232760, 27232760, 27232760, 27232760, 27232760, 27103283, 27061067, 27061067, 27061067, 27061067, 27061067, 27061067, 26859940, 26859940, 26859940, 26859940, 26859940, 26859940, 26859940, 26859940, 26859940, 26859940, 26859940, 26726923, 26695203, 26615821, 26615821, 26615821, 26615821, 26615821, 26615821, 26615821, 26615821, 26615821, 26615821, 26615821]",0,0,0,NPU,0,0,0,0,0
0,15,meta-llama/Llama-3.1-8B,270,457,1622246507,21684750111,20062503604,67977984,164101397,106980657,"[51256885, 32012743, 26675277, 26675277, 28558674, 70229042, 118043521, 42936682, 27088051, 27088051, 28895629, 51476100, 27218200, 30751195, 27276468, 27276468, 30497428, 27680923, 27680923, 30572150, 98152021, 28111936, 28111936, 28111936, 28111936, 28111936, 27763985, 27763985, 32956438, 28111936, 28111936, 28111936, 28111936, 28111936, 27763985, 27763985, 27763985, 27763985, 27763985, 27763985, 201438401, 42567499, 33481036, 28417079, 28417079, 192591744, 31063928, 28680716, 28680716, 28680716, 28501850, 28501850, 28422327, 28422327, 28422327, 28422327, 28422327, 28422327, 28422327, 28422327, 28422327, 28422327, 28422327, 28422327, 28422327, 28422327, 28422327, 28422327, 25830947, 79078151, 28193675, 28193675, 28193675, 26360054, 26515608, 28272208, 28272208, 28272208, 26822699, 26822699, 28107904, 28107904, 28107904, 28107904, 28107904, 26822699, 26822699, 25802576, 14115943465, 27773145, 27773145, 27773145, 27773145, 27684411, 27684411, 27684411, 27684411, 27684411, 27511680, 27511680, 27511680, 27511680, 27511680, 27511680, 27511680, 27511680, 27511680, 27511680, 27511680, 27511680, 27512576, 27512576, 27512576, 27512576, 27512576, 27512576, 27512576, 27512576, 27512576, 27512576, 27278932, 27278932, 27278932, 27278932, 27278932, 27278932, 27278932, 27278932, 27278932, 27278932, 27278932, 27278932, 27278932, 27278932, 27278932, 27278932, 27232760, 27232760, 27232760, 27232760, 27232760, 27232760, 27232760, 27103283, 27061067, 27061067, 27061067, 27061067, 27061067, 27061067, 26859940, 26859940, 26859940, 26859940, 26859940, 26859940, 26859940, 26859940, 26859940, 26859940, 26859940, 26726923, 26695203, 26615821, 26615821, 26615821, 26615821, 26615821, 26615821, 26615821, 26615821, 26615821, 26615821, 26615821, 26553020, 26553020, 26553020, 26553020, 26553020, 26553020, 26553020, 26553020, 26553020, 26553020, 26553020, 26553020]",0,0,0,NPU,0,0,0,0,0
0,7,meta-llama/Llama-3.1-8B,50,269,811936853,21711099887,20899163034,23506344,52493087,95626926,"[25354389, 25354389, 27342271, 25221274, 25221274, 25221274, 25221274, 27748146, 25739486, 25739486, 25739486, 25739486, 25739486, 25739486, 25739486, 25739486, 25739486, 25739486, 25739486, 25739486, 28808832, 25776272, 25776272, 25776272, 25776272, 25776272, 25776272, 29496582, 27555404, 69717978, 96123413, 51256885, 32012743, 26675277, 26675277, 28558674, 70229042, 118043521, 42936682, 27088051, 27088051, 28895629, 51476100, 27218200, 30751195, 27276468, 27276468, 30497428, 27680923, 27680923, 30572150, 98152021, 28111936, 28111936, 28111936, 28111936, 28111936, 27763985, 27763985, 32956438, 28111936, 28111936, 28111936, 28111936, 28111936, 27763985, 27763985, 27763985, 27763985, 27763985, 27763985, 201438401, 42567499, 33481036, 28417079, 28417079, 192591744, 31063928, 28680716, 28680716, 28680716, 28501850, 28501850, 28422327, 28422327, 28422327, 28422327, 28422327, 28422327, 28422327, 28422327, 28422327, 28422327, 28422327, 28422327, 28422327, 28422327, 28422327, 28422327, 25830947, 79078151, 28193675, 28193675, 28193675, 26360054, 26515608, 28272208, 28272208, 28272208, 26822699, 26822699, 28107904, 28107904, 28107904, 28107904, 28107904, 26822699, 26822699, 25802576, 14115943465, 27773145, 27773145, 27773145, 27773145, 27684411, 27684411, 27684411, 27684411, 27684411, 27511680, 27511680, 27511680, 27511680, 27511680, 27511680, 27511680, 27511680, 27511680, 27511680, 27511680, 27511680, 27512576, 27512576, 27512576, 27512576, 27512576, 27512576, 27512576, 27512576, 27512576, 27512576, 27278932, 27278932, 27278932, 27278932, 27278932, 27278932, 27278932, 27278932, 27278932, 27278932, 27278932, 27278932, 27278932, 27278932, 27278932, 27278932, 27232760, 27232760, 27232760, 27232760, 27232760, 27232760, 27232760, 27103283, 27061067, 27061067, 27061067, 27061067, 27061067, 27061067, 26859940, 26859940, 26859940, 26859940, 26859940, 26859940, 26859940, 26859940, 26859940, 26859940, 26859940, 26726923, 26695203, 26615821, 26615821, 26615821, 26615821, 26615821, 26615821, 26615821, 26615821, 26615821, 26615821, 26615821, 26553020, 26553020, 26553020, 26553020, 26553020, 26553020, 26553020, 26553020, 26553020, 26553020, 26553020, 26553020, 26349776]",0,0,0,NPU,0,0,0,0,0
0,9,meta-llama/Llama-3.1-8B,21,242,1026970074,21973979147,20947009073,16396011,44144157,95013022,"[25739486, 25739486, 25739486, 25739486, 25739486, 25739486, 25739486, 25739486, 25739486, 25739486, 25739486, 25739486, 28808832, 25776272, 25776272, 25776272, 25776272, 25776272, 25776272, 29496582, 27555404, 69717978, 96123413, 51256885, 32012743, 26675277, 26675277, 28558674, 70229042, 118043521, 42936682, 27088051, 27088051, 28895629, 51476100, 27218200, 30751195, 27276468, 27276468, 30497428, 27680923, 27680923, 30572150, 98152021, 28111936, 28111936, 28111936, 28111936, 28111936, 27763985, 27763985, 32956438, 28111936, 28111936, 28111936, 28111936, 28111936, 27763985, 27763985, 27763985, 27763985, 27763985, 27763985, 201438401, 42567499, 33481036, 28417079, 28417079, 192591744, 31063928, 28680716, 28680716, 28680716, 28501850, 28501850, 28422327, 28422327, 28422327, 28422327, 28422327, 28422327, 28422327, 28422327, 28422327, 28422327, 28422327, 28422327, 28422327, 28422327, 28422327, 28422327, 25830947, 79078151, 28193675, 28193675, 28193675, 26360054, 26515608, 28272208, 28272208, 28272208, 26822699, 26822699, 28107904, 28107904, 28107904, 28107904, 28107904, 26822699, 26822699, 25802576, 14115943465, 27773145, 27773145, 27773145, 27773145, 27684411, 27684411, 27684411, 27684411, 27684411, 27511680, 27511680, 27511680, 27511680, 27511680, 27511680, 27511680, 27511680, 27511680, 27511680, 27511680, 27511680, 27512576, 27512576, 27512576, 27512576, 27512576, 27512576, 27512576, 27512576, 27512576, 27512576, 27278932, 27278932, 27278932, 27278932, 27278932, 27278932, 27278932, 27278932, 27278932, 27278932, 27278932, 27278932, 27278932, 27278932, 27278932, 27278932, 27232760, 27232760, 27232760, 27232760, 27232760, 27232760, 27232760, 27103283, 27061067, 27061067, 27061067, 27061067, 27061067, 27061067, 26859940, 26859940, 26859940, 26859940, 26859940, 26859940, 26859940, 26859940, 26859940, 26859940, 26859940, 26726923, 26695203, 26615821, 26615821, 26615821, 26615821, 26615821, 26615821, 26615821, 26615821, 26615821, 26615821, 26615821, 26553020, 26553020, 26553020, 26553020, 26553020, 26553020, 26553020, 26553020, 26553020, 26553020, 26553020, 26553020, 26349776, 26287926, 26287926, 26287926, 26287926, 26287926, 26287926, 26287926, 26287926, 26287926, 26287926]",0,0,0,NPU,0,0,0,0,0
0,32,meta-llama/Llama-3.1-8B,14,191,2536356724,22185544139,19649187415,9880867,108032888,111029287,"[28111936, 28111936, 28111936, 28111936, 28111936, 27763985, 27763985, 32956438, 28111936, 28111936, 28111936, 28111936, 28111936, 27763985, 27763985, 27763985, 27763985, 27763985, 27763985, 201438401, 42567499, 33481036, 28417079, 28417079, 192591744, 31063928, 28680716, 28680716, 28680716, 28501850, 28501850, 28422327, 28422327, 28422327, 28422327, 28422327, 28422327, 28422327, 28422327, 28422327, 28422327, 28422327, 28422327, 28422327, 28422327, 28422327, 28422327, 104909098, 28193675, 28193675, 28193675, 81147870, 28272208, 28272208, 81753302, 28107904, 28107904, 28107904, 28107904, 14195391439, 27773145, 27773145, 27773145, 27773145, 27684411, 27684411, 27684411, 27684411, 27684411, 27511680, 27511680, 27511680, 27511680, 27511680, 27511680, 27511680, 27511680, 27511680, 27511680, 27511680, 27511680, 27512576, 27512576, 27512576, 27512576, 27512576, 27512576, 27512576, 27512576, 27512576, 27512576, 27278932, 27278932, 27278932, 27278932, 27278932, 27278932, 27278932, 27278932, 27278932, 27278932, 27278932, 27278932, 27278932, 27278932, 27278932, 27278932, 27232760, 27232760, 27232760, 27232760, 27232760, 27232760, 27232760, 27103283, 27061067, 27061067, 27061067, 27061067, 27061067, 27061067, 26859940, 26859940, 26859940, 26859940, 26859940, 26859940, 26859940, 26859940, 26859940, 26859940, 26859940, 26726923, 26695203, 26615821, 26615821, 26615821, 26615821, 26615821, 26615821, 26615821, 26615821, 26615821, 26615821, 26615821, 26553020, 26553020, 26553020, 26553020, 26553020, 26553020, 26553020, 26553020, 26553020, 26553020, 26553020, 26553020, 26349776, 26287926, 26287926, 26287926, 26287926, 26287926, 26287926, 26287926, 26287926, 26287926, 26287926, 26445624, 26445624, 26445624, 26445624, 26445624, 26445624, 26445624, 26445624]",0,0,0,NPU,0,0,0,0,0
0,39,meta-llama/Llama-3.1-8B,10,179,3555912370,22656377511,19100465141,151577758,182641686,112606091,"[28680716, 28680716, 28680716, 28501850, 28501850, 28422327, 28422327, 28422327, 28422327, 28422327, 28422327, 28422327, 28422327, 28422327, 28422327, 28422327, 28422327, 28422327, 28422327, 28422327, 28422327, 104909098, 28193675, 28193675, 28193675, 81147870, 28272208, 28272208, 81753302, 28107904, 28107904, 28107904, 28107904, 14195391439, 27773145, 27773145, 27773145, 27773145, 27684411, 27684411, 27684411, 27684411, 27684411, 27511680, 27511680, 27511680, 27511680, 27511680, 27511680, 27511680, 27511680, 27511680, 27511680, 27511680, 27511680, 27512576, 27512576, 27512576, 27512576, 27512576, 27512576, 27512576, 27512576, 27512576, 27512576, 27278932, 27278932, 27278932, 27278932, 27278932, 27278932, 27278932, 27278932, 27278932, 27278932, 27278932, 27278932, 27278932, 27278932, 27278932, 27278932, 27232760, 27232760, 27232760, 27232760, 27232760, 27232760, 27232760, 27103283, 27061067, 27061067, 27061067, 27061067, 27061067, 27061067, 26859940, 26859940, 26859940, 26859940, 26859940, 26859940, 26859940, 26859940, 26859940, 26859940, 26859940, 26726923, 26695203, 26615821, 26615821, 26615821, 26615821, 26615821, 26615821, 26615821, 26615821, 26615821, 26615821, 26615821, 26553020, 26553020, 26553020, 26553020, 26553020, 26553020, 26553020, 26553020, 26553020, 26553020, 26553020, 26553020, 26349776, 26287926, 26287926, 26287926, 26287926, 26287926, 26287926, 26287926, 26287926, 26287926, 26287926, 26445624, 26445624, 26445624, 26445624, 26445624, 26445624, 26445624, 26445624, 26044318, 26164062, 26164062, 26164062, 26164062, 26164062, 26164062, 26164062, 26164062, 26164062, 26164062, 26164062, 26164062, 26164062, 26164062, 26164062, 26164062, 26164062]",0,0,0,NPU,0,0,0,0,0
0,20,meta-llama/Llama-3.1-8B,12,234,1918527754,22838362300,20919834546,4440332,32999006,94510568,"[70229042, 118043521, 42936682, 27088051, 27088051, 28895629, 51476100, 27218200, 30751195, 27276468, 27276468, 30497428, 27680923, 27680923, 30572150, 98152021, 28111936, 28111936, 28111936, 28111936, 28111936, 27763985, 27763985, 32956438, 28111936, 28111936, 28111936, 28111936, 28111936, 27763985, 27763985, 27763985, 27763985, 27763985, 27763985, 201438401, 42567499, 33481036, 28417079, 28417079, 192591744, 31063928, 28680716, 28680716, 28680716, 28501850, 28501850, 28422327, 28422327, 28422327, 28422327, 28422327, 28422327, 28422327, 28422327, 28422327, 28422327, 28422327, 28422327, 28422327, 28422327, 28422327, 28422327, 104909098, 28193675, 28193675, 28193675, 81147870, 28272208, 28272208, 26822699, 26822699, 28107904, 28107904, 28107904, 28107904, 28107904, 26822699, 26822699, 14141746041, 27773145, 27773145, 27773145, 27773145, 27684411, 27684411, 27684411, 27684411, 27684411, 27511680, 27511680, 27511680, 27511680, 27511680, 27511680, 27511680, 27511680, 27511680, 27511680, 27511680, 27511680, 27512576, 27512576, 27512576, 27512576, 27512576, 27512576, 27512576, 27512576, 27512576, 27512576, 27278932, 27278932, 27278932, 27278932, 27278932, 27278932, 27278932, 27278932, 27278932, 27278932, 27278932, 27278932, 27278932, 27278932, 27278932, 27278932, 27232760, 27232760, 27232760, 27232760, 27232760, 27232760, 27232760, 27103283, 27061067, 27061067, 27061067, 27061067, 27061067, 27061067, 26859940, 26859940, 26859940, 26859940, 26859940, 26859940, 26859940, 26859940, 26859940, 26859940, 26859940, 26726923, 26695203, 26615821, 26615821, 26615821, 26615821, 26615821, 26615821, 26615821, 26615821, 26615821, 26615821, 26615821, 26553020, 26553020, 26553020, 26553020, 26553020, 26553020, 26553020, 26553020, 26553020, 26553020, 26553020, 26553020, 26349776, 26287926, 26287926, 26287926, 26287926, 26287926, 26287926, 26287926, 26287926, 26287926, 26287926, 26445624, 26445624, 26445624, 26445624, 26445624, 26445624, 26445624, 26445624, 26044318, 26164062, 26164062, 26164062, 26164062, 26164062, 26164062, 26164062, 26164062, 26164062, 26164062, 26164062, 26164062, 26164062, 26164062, 26164062, 26164062, 26164062, 25997827, 25997827, 25997827, 25997827, 25997827, 25997827, 25997827]",0,0,0,NPU,0,0,0,0,0
0,13,meta-llama/Llama-3.1-8B,11,263,1581917467,23337726302,21755808835,11033642,38589046,86522788,"[69717978, 96123413, 51256885, 32012743, 26675277, 26675277, 28558674, 70229042, 118043521, 42936682, 27088051, 27088051, 28895629, 51476100, 27218200, 30751195, 27276468, 27276468, 30497428, 27680923, 27680923, 30572150, 98152021, 28111936, 28111936, 28111936, 28111936, 28111936, 27763985, 27763985, 32956438, 28111936, 28111936, 28111936, 28111936, 28111936, 27763985, 27763985, 27763985, 27763985, 27763985, 27763985, 201438401, 42567499, 33481036, 28417079, 28417079, 192591744, 31063928, 28680716, 28680716, 28680716, 28501850, 28501850, 28422327, 28422327, 28422327, 28422327, 28422327, 28422327, 28422327, 28422327, 28422327, 28422327, 28422327, 28422327, 28422327, 28422327, 28422327, 28422327, 25830947, 79078151, 28193675, 28193675, 28193675, 26360054, 26515608, 28272208, 28272208, 28272208, 26822699, 26822699, 28107904, 28107904, 28107904, 28107904, 28107904, 26822699, 26822699, 25802576, 14115943465, 27773145, 27773145, 27773145, 27773145, 27684411, 27684411, 27684411, 27684411, 27684411, 27511680, 27511680, 27511680, 27511680, 27511680, 27511680, 27511680, 27511680, 27511680, 27511680, 27511680, 27511680, 27512576, 27512576, 27512576, 27512576, 27512576, 27512576, 27512576, 27512576, 27512576, 27512576, 27278932, 27278932, 27278932, 27278932, 27278932, 27278932, 27278932, 27278932, 27278932, 27278932, 27278932, 27278932, 27278932, 27278932, 27278932, 27278932, 27232760, 27232760, 27232760, 27232760, 27232760, 27232760, 27232760, 27103283, 27061067, 27061067, 27061067, 27061067, 27061067, 27061067, 26859940, 26859940, 26859940, 26859940, 26859940, 26859940, 26859940, 26859940, 26859940, 26859940, 26859940, 26726923, 26695203, 26615821, 26615821, 26615821, 26615821, 26615821, 26615821, 26615821, 26615821, 26615821, 26615821, 26615821, 26553020, 26553020, 26553020, 26553020, 26553020, 26553020, 26553020, 26553020, 26553020, 26553020, 26553020, 26553020, 26349776, 26287926, 26287926, 26287926, 26287926, 26287926, 26287926, 26287926, 26287926, 26287926, 26287926, 26445624, 26445624, 26445624, 26445624, 26445624, 26445624, 26445624, 26445624, 26044318, 26164062, 26164062, 26164062, 26164062, 26164062, 26164062, 26164062, 26164062, 26164062, 26164062, 26164062, 26164062, 26164062, 26164062, 26164062, 26164062, 26164062, 25997827, 25997827, 25997827, 25997827, 25997827, 25997827, 25997827, 26235158, 26235158, 26235158, 26235158, 26235158, 26235158, 26235158, 26235158, 26235158, 26324758, 26324758, 26324758, 26324758, 26324758, 26324758, 26324758, 26324758, 26324758, 26324758]",0,0,0,NPU,0,0,0,0,0
0,5,meta-llama/Llama-3.1-8B,8,316,604829891,23840758446,23235928555,78126939,105303031,75344057,"[25062055, 25062055, 25062055, 25062055, 25062055, 28986743, 25354389, 25354389, 27342271, 25221274, 25221274, 25221274, 25221274, 27748146, 25739486, 25739486, 25739486, 25739486, 25739486, 25739486, 25739486, 25739486, 25739486, 25739486, 25739486, 25739486, 28808832, 25776272, 25776272, 25776272, 25776272, 25776272, 25776272, 29496582, 27555404, 69717978, 96123413, 51256885, 32012743, 26675277, 26675277, 28558674, 70229042, 118043521, 42936682, 27088051, 27088051, 28895629, 51476100, 27218200, 30751195, 27276468, 27276468, 30497428, 27680923, 27680923, 30572150, 98152021, 28111936, 28111936, 28111936, 28111936, 28111936, 27763985, 27763985, 32956438, 28111936, 28111936, 28111936, 28111936, 28111936, 27763985, 27763985, 27763985, 27763985, 27763985, 27763985, 201438401, 42567499, 33481036, 28417079, 28417079, 192591744, 31063928, 28680716, 28680716, 28680716, 28501850, 28501850, 28422327, 28422327, 28422327, 28422327, 28422327, 28422327, 28422327, 28422327, 28422327, 28422327, 28422327, 28422327, 28422327, 28422327, 28422327, 28422327, 25830947, 25442238, 25442238, 28193675, 28193675, 28193675, 28193675, 26360054, 26515608, 28272208, 28272208, 28272208, 26822699, 26822699, 28107904, 28107904, 28107904, 28107904, 28107904, 26822699, 26822699, 25802576, 14115943465, 27773145, 27773145, 27773145, 27773145, 27684411, 27684411, 27684411, 27684411, 27684411, 27511680, 27511680, 27511680, 27511680, 27511680, 27511680, 27511680, 27511680, 27511680, 27511680, 27511680, 27511680, 27512576, 27512576, 27512576, 27512576, 27512576, 27512576, 27512576, 27512576, 27512576, 27512576, 27278932, 27278932, 27278932, 27278932, 27278932, 27278932, 27278932, 27278932, 27278932, 27278932, 27278932, 27278932, 27278932, 27278932, 27278932, 27278932, 27232760, 27232760, 27232760, 27232760, 27232760, 27232760, 27232760, 27103283, 27061067, 27061067, 27061067, 27061067, 27061067, 27061067, 26859940, 26859940, 26859940, 26859940, 26859940, 26859940, 26859940, 26859940, 26859940, 26859940, 26859940, 26726923, 26695203, 26615821, 26615821, 26615821, 26615821, 26615821, 26615821, 26615821, 26615821, 26615821, 26615821, 26615821, 26553020, 26553020, 26553020, 26553020, 26553020, 26553020, 26553020, 26553020, 26553020, 26553020, 26553020, 26553020, 26349776, 26287926, 26287926, 26287926, 26287926, 26287926, 26287926, 26287926, 26287926, 26287926, 26287926, 26445624, 26445624, 26445624, 26445624, 26445624, 26445624, 26445624, 26445624, 26044318, 26164062, 26164062, 26164062, 26164062, 26164062, 26164062, 26164062, 26164062, 26164062, 26164062, 26164062, 26164062, 26164062, 26164062, 26164062, 26164062, 26164062, 25997827, 25997827, 25997827, 25997827, 25997827, 25997827, 25997827, 26235158, 26235158, 26235158, 26235158, 26235158, 26235158, 26235158, 26235158, 26235158, 26324758, 26324758, 26324758, 26324758, 26324758, 26324758, 26324758, 26324758, 26324758, 26324758, 26475376, 26475376, 26475376, 26475376, 26475376, 26475376, 26475376, 26475376, 26475376, 26475376, 26475376, 26475376, 26475376, 26475376, 26475376, 26475376, 26475376, 26475376, 26475376]",0,0,0,NPU,0,0,0,0,0
0,4,meta-llama/Llama-3.1-8B,412,733,587870262,24157370742,23569500480,1398546,95086568,73357543,"[27176092, 25062055, 25062055, 25062055, 25062055, 25062055, 28986743, 25354389, 25354389, 27342271, 25221274, 25221274, 25221274, 25221274, 27748146, 25739486, 25739486, 25739486, 25739486, 25739486, 25739486, 25739486, 25739486, 25739486, 25739486, 25739486, 25739486, 28808832, 25776272, 25776272, 25776272, 25776272, 25776272, 25776272, 29496582, 27555404, 69717978, 96123413, 51256885, 32012743, 26675277, 26675277, 28558674, 70229042, 118043521, 42936682, 27088051, 27088051, 28895629, 51476100, 27218200, 30751195, 27276468, 27276468, 30497428, 27680923, 27680923, 30572150, 98152021, 28111936, 28111936, 28111936, 28111936, 28111936, 27763985, 27763985, 32956438, 28111936, 28111936, 28111936, 28111936, 28111936, 27763985, 27763985, 27763985, 27763985, 27763985, 27763985, 201438401, 42567499, 33481036, 28417079, 28417079, 192591744, 31063928, 28680716, 28680716, 28680716, 28501850, 28501850, 28422327, 28422327, 28422327, 28422327, 28422327, 28422327, 28422327, 28422327, 28422327, 28422327, 28422327, 28422327, 28422327, 28422327, 28422327, 28422327, 25830947, 25442238, 25442238, 28193675, 28193675, 28193675, 28193675, 26360054, 26515608, 28272208, 28272208, 28272208, 26822699, 26822699, 28107904, 28107904, 28107904, 28107904, 28107904, 26822699, 26822699, 25802576, 14115943465, 27773145, 27773145, 27773145, 27773145, 27684411, 27684411, 27684411, 27684411, 27684411, 27511680, 27511680, 27511680, 27511680, 27511680, 27511680, 27511680, 27511680, 27511680, 27511680, 27511680, 27511680, 27512576, 27512576, 27512576, 27512576, 27512576, 27512576, 27512576, 27512576, 27512576, 27512576, 27278932, 27278932, 27278932, 27278932, 27278932, 27278932, 27278932, 27278932, 27278932, 27278932, 27278932, 27278932, 27278932, 27278932, 27278932, 27278932, 27232760, 27232760, 27232760, 27232760, 27232760, 27232760, 27232760, 27103283, 27061067, 27061067, 27061067, 27061067, 27061067, 27061067, 26859940, 26859940, 26859940, 26859940, 26859940, 26859940, 26859940, 26859940, 26859940, 26859940, 26859940, 26726923, 26695203, 26615821, 26615821, 26615821, 26615821, 26615821, 26615821, 26615821, 26615821, 26615821, 26615821, 26615821, 26553020, 26553020, 26553020, 26553020, 26553020, 26553020, 26553020, 26553020, 26553020, 26553020, 26553020, 26553020, 26349776, 26287926, 26287926, 26287926, 26287926, 26287926, 26287926, 26287926, 26287926, 26287926, 26287926, 26445624, 26445624, 26445624, 26445624, 26445624, 26445624, 26445624, 26445624, 26044318, 26164062, 26164062, 26164062, 26164062, 26164062, 26164062, 26164062, 26164062, 26164062, 26164062, 26164062, 26164062, 26164062, 26164062, 26164062, 26164062, 26164062, 25997827, 25997827, 25997827, 25997827, 25997827, 25997827, 25997827, 26235158, 26235158, 26235158, 26235158, 26235158, 26235158, 26235158, 26235158, 26235158, 26324758, 26324758, 26324758, 26324758, 26324758, 26324758, 26324758, 26324758, 26324758, 26324758, 26475376, 26475376, 26475376, 26475376, 26475376, 26475376, 26475376, 26475376, 26475376, 26475376, 26475376, 26475376, 26475376, 26475376, 26475376, 26475376, 26475376, 26475376, 26475376, 26437374, 26437374, 26437374, 26366686, 26366686, 26366686, 26366686, 26366686, 26366686, 26366686, 26366686, 26366686]",0,0,0,CXL,0,71303168,0,71303168,142606336
0,33,meta-llama/Llama-3.1-8B,34,278,2833725503,24157370742,21323645239,6751759,39708197,87588218,"[28111936, 28111936, 28111936, 28111936, 28111936, 27763985, 27763985, 27763985, 27763985, 27763985, 27763985, 201438401, 42567499, 33481036, 28417079, 28417079, 192591744, 31063928, 28680716, 28680716, 28680716, 28501850, 28501850, 28422327, 28422327, 28422327, 28422327, 28422327, 28422327, 28422327, 28422327, 28422327, 28422327, 28422327, 28422327, 28422327, 28422327, 28422327, 28422327, 104909098, 28193675, 28193675, 28193675, 81147870, 28272208, 28272208, 81753302, 28107904, 28107904, 28107904, 28107904, 14195391439, 27773145, 27773145, 27773145, 27773145, 27684411, 27684411, 27684411, 27684411, 27684411, 27511680, 27511680, 27511680, 27511680, 27511680, 27511680, 27511680, 27511680, 27511680, 27511680, 27511680, 27511680, 27512576, 27512576, 27512576, 27512576, 27512576, 27512576, 27512576, 27512576, 27512576, 27512576, 27278932, 27278932, 27278932, 27278932, 27278932, 27278932, 27278932, 27278932, 27278932, 27278932, 27278932, 27278932, 27278932, 27278932, 27278932, 27278932, 27232760, 27232760, 27232760, 27232760, 27232760, 27232760, 27232760, 27103283, 27061067, 27061067, 27061067, 27061067, 27061067, 27061067, 26859940, 26859940, 26859940, 26859940, 26859940, 26859940, 26859940, 26859940, 26859940, 26859940, 26859940, 26726923, 26695203, 26615821, 26615821, 26615821, 26615821, 26615821, 26615821, 26615821, 26615821, 26615821, 26615821, 26615821, 26553020, 26553020, 26553020, 26553020, 26553020, 26553020, 26553020, 26553020, 26553020, 26553020, 26553020, 26553020, 26349776, 26287926, 26287926, 26287926, 26287926, 26287926, 26287926, 26287926, 26287926, 26287926, 26287926, 26445624, 26445624, 26445624, 26445624, 26445624, 26445624, 26445624, 26445624, 26044318, 26164062, 26164062, 26164062, 26164062, 26164062, 26164062, 26164062, 26164062, 26164062, 26164062, 26164062, 26164062, 26164062, 26164062, 26164062, 26164062, 26164062, 25997827, 25997827, 25997827, 25997827, 25997827, 25997827, 25997827, 26235158, 26235158, 26235158, 26235158, 26235158, 26235158, 26235158, 26235158, 26235158, 26324758, 26324758, 26324758, 26324758, 26324758, 26324758, 26324758, 26324758, 26324758, 26324758, 26475376, 26475376, 26475376, 26475376, 26475376, 26475376, 26475376, 26475376, 26475376, 26475376, 26475376, 26475376, 26475376, 26475376, 26475376, 26475376, 26475376, 26475376, 26475376, 26437374, 26437374, 26437374, 26366686, 26366686, 26366686, 26366686, 26366686, 26366686, 26366686, 26366686, 26366686]",0,0,0,NPU,0,0,0,0,0
0,16,meta-llama/Llama-3.1-8B,219,500,1658521879,24183224592,22524702713,31702612,127826025,79988845,"[51256885, 32012743, 26675277, 26675277, 28558674, 70229042, 118043521, 42936682, 27088051, 27088051, 28895629, 51476100, 27218200, 30751195, 27276468, 27276468, 30497428, 27680923, 27680923, 30572150, 98152021, 28111936, 28111936, 28111936, 28111936, 28111936, 27763985, 27763985, 32956438, 28111936, 28111936, 28111936, 28111936, 28111936, 27763985, 27763985, 27763985, 27763985, 27763985, 27763985, 201438401, 42567499, 33481036, 28417079, 28417079, 192591744, 31063928, 28680716, 28680716, 28680716, 28501850, 28501850, 28422327, 28422327, 28422327, 28422327, 28422327, 28422327, 28422327, 28422327, 28422327, 28422327, 28422327, 28422327, 28422327, 28422327, 28422327, 28422327, 104909098, 28193675, 28193675, 28193675, 26360054, 26515608, 28272208, 28272208, 28272208, 26822699, 26822699, 28107904, 28107904, 28107904, 28107904, 28107904, 26822699, 26822699, 25802576, 14115943465, 27773145, 27773145, 27773145, 27773145, 27684411, 27684411, 27684411, 27684411, 27684411, 27511680, 27511680, 27511680, 27511680, 27511680, 27511680, 27511680, 27511680, 27511680, 27511680, 27511680, 27511680, 27512576, 27512576, 27512576, 27512576, 27512576, 27512576, 27512576, 27512576, 27512576, 27512576, 27278932, 27278932, 27278932, 27278932, 27278932, 27278932, 27278932, 27278932, 27278932, 27278932, 27278932, 27278932, 27278932, 27278932, 27278932, 27278932, 27232760, 27232760, 27232760, 27232760, 27232760, 27232760, 27232760, 27103283, 27061067, 27061067, 27061067, 27061067, 27061067, 27061067, 26859940, 26859940, 26859940, 26859940, 26859940, 26859940, 26859940, 26859940, 26859940, 26859940, 26859940, 26726923, 26695203, 26615821, 26615821, 26615821, 26615821, 26615821, 26615821, 26615821, 26615821, 26615821, 26615821, 26615821, 26553020, 26553020, 26553020, 26553020, 26553020, 26553020, 26553020, 26553020, 26553020, 26553020, 26553020, 26553020, 26349776, 26287926, 26287926, 26287926, 26287926, 26287926, 26287926, 26287926, 26287926, 26287926, 26287926, 26445624, 26445624, 26445624, 26445624, 26445624, 26445624, 26445624, 26445624, 26044318, 26164062, 26164062, 26164062, 26164062, 26164062, 26164062, 26164062, 26164062, 26164062, 26164062, 26164062, 26164062, 26164062, 26164062, 26164062, 26164062, 26164062, 25997827, 25997827, 25997827, 25997827, 25997827, 25997827, 25997827, 26235158, 26235158, 26235158, 26235158, 26235158, 26235158, 26235158, 26235158, 26235158, 26324758, 26324758, 26324758, 26324758, 26324758, 26324758, 26324758, 26324758, 26324758, 26324758, 26475376, 26475376, 26475376, 26475376, 26475376, 26475376, 26475376, 26475376, 26475376, 26475376, 26475376, 26475376, 26475376, 26475376, 26475376, 26475376, 26475376, 26475376, 26475376, 26437374, 26437374, 26437374, 26366686, 26366686, 26366686, 26366686, 26366686, 26366686, 26366686, 26366686, 26366686, 25853850]",0,0,0,NPU,0,0,0,0,0
0,38,meta-llama/Llama-3.1-8B,969,1204,3497903286,24367806787,20869903501,16995098,209586842,88291951,"[31063928, 28680716, 28680716, 28680716, 28501850, 28501850, 28422327, 28422327, 28422327, 28422327, 28422327, 28422327, 28422327, 28422327, 28422327, 28422327, 28422327, 28422327, 28422327, 28422327, 28422327, 28422327, 104909098, 28193675, 28193675, 28193675, 81147870, 28272208, 28272208, 81753302, 28107904, 28107904, 28107904, 28107904, 14195391439, 27773145, 27773145, 27773145, 27773145, 27684411, 27684411, 27684411, 27684411, 27684411, 27511680, 27511680, 27511680, 27511680, 27511680, 27511680, 27511680, 27511680, 27511680, 27511680, 27511680, 27511680, 27512576, 27512576, 27512576, 27512576, 27512576, 27512576, 27512576, 27512576, 27512576, 27512576, 27278932, 27278932, 27278932, 27278932, 27278932, 27278932, 27278932, 27278932, 27278932, 27278932, 27278932, 27278932, 27278932, 27278932, 27278932, 27278932, 27232760, 27232760, 27232760, 27232760, 27232760, 27232760, 27232760, 27103283, 27061067, 27061067, 27061067, 27061067, 27061067, 27061067, 26859940, 26859940, 26859940, 26859940, 26859940, 26859940, 26859940, 26859940, 26859940, 26859940, 26859940, 26726923, 26695203, 26615821, 26615821, 26615821, 26615821, 26615821, 26615821, 26615821, 26615821, 26615821, 26615821, 26615821, 26553020, 26553020, 26553020, 26553020, 26553020, 26553020, 26553020, 26553020, 26553020, 26553020, 26553020, 26553020, 26349776, 26287926, 26287926, 26287926, 26287926, 26287926, 26287926, 26287926, 26287926, 26287926, 26287926, 26445624, 26445624, 26445624, 26445624, 26445624, 26445624, 26445624, 26445624, 26044318, 26164062, 26164062, 26164062, 26164062, 26164062, 26164062, 26164062, 26164062, 26164062, 26164062, 26164062, 26164062, 26164062, 26164062, 26164062, 26164062, 26164062, 25997827, 25997827, 25997827, 25997827, 25997827, 25997827, 25997827, 26235158, 26235158, 26235158, 26235158, 26235158, 26235158, 26235158, 26235158, 26235158, 26324758, 26324758, 26324758, 26324758, 26324758, 26324758, 26324758, 26324758, 26324758, 26324758, 26475376, 26475376, 26475376, 26475376, 26475376, 26475376, 26475376, 26475376, 26475376, 26475376, 26475376, 26475376, 26475376, 26475376, 26475376, 26475376, 26475376, 26475376, 26475376, 26437374, 26437374, 26437374, 26366686, 26366686, 26366686, 26366686, 26366686, 26366686, 26366686, 26366686, 26366686, 25853850, 26368885, 26368885, 26368885, 26368885, 26368885, 26368885, 26368885]",0,0,0,NPU,0,0,0,0,0
0,22,meta-llama/Llama-3.1-8B,503,835,1968102757,25768061789,23799959032,53653045,171696566,71384478,"[42936682, 27088051, 27088051, 28895629, 51476100, 27218200, 30751195, 27276468, 27276468, 30497428, 27680923, 27680923, 30572150, 98152021, 28111936, 28111936, 28111936, 28111936, 28111936, 27763985, 27763985, 32956438, 28111936, 28111936, 28111936, 28111936, 28111936, 27763985, 27763985, 27763985, 27763985, 27763985, 27763985, 201438401, 42567499, 33481036, 28417079, 28417079, 192591744, 31063928, 28680716, 28680716, 28680716, 28501850, 28501850, 28422327, 28422327, 28422327, 28422327, 28422327, 28422327, 28422327, 28422327, 28422327, 28422327, 28422327, 28422327, 28422327, 28422327, 28422327, 28422327, 104909098, 28193675, 28193675, 28193675, 81147870, 28272208, 28272208, 26822699, 26822699, 28107904, 28107904, 28107904, 28107904, 28107904, 26822699, 26822699, 14141746041, 27773145, 27773145, 27773145, 27773145, 27684411, 27684411, 27684411, 27684411, 27684411, 27511680, 27511680, 27511680, 27511680, 27511680, 27511680, 27511680, 27511680, 27511680, 27511680, 27511680, 27511680, 27512576, 27512576, 27512576, 27512576, 27512576, 27512576, 27512576, 27512576, 27512576, 27512576, 27278932, 27278932, 27278932, 27278932, 27278932, 27278932, 27278932, 27278932, 27278932, 27278932, 27278932, 27278932, 27278932, 27278932, 27278932, 27278932, 27232760, 27232760, 27232760, 27232760, 27232760, 27232760, 27232760, 27103283, 27061067, 27061067, 27061067, 27061067, 27061067, 27061067, 26859940, 26859940, 26859940, 26859940, 26859940, 26859940, 26859940, 26859940, 26859940, 26859940, 26859940, 26726923, 26695203, 26615821, 26615821, 26615821, 26615821, 26615821, 26615821, 26615821, 26615821, 26615821, 26615821, 26615821, 26553020, 26553020, 26553020, 26553020, 26553020, 26553020, 26553020, 26553020, 26553020, 26553020, 26553020, 26553020, 26349776, 26287926, 26287926, 26287926, 26287926, 26287926, 26287926, 26287926, 26287926, 26287926, 26287926, 26445624, 26445624, 26445624, 26445624, 26445624, 26445624, 26445624, 26445624, 26044318, 26164062, 26164062, 26164062, 26164062, 26164062, 26164062, 26164062, 26164062, 26164062, 26164062, 26164062, 26164062, 26164062, 26164062, 26164062, 26164062, 26164062, 25997827, 25997827, 25997827, 25997827, 25997827, 25997827, 25997827, 26235158, 26235158, 26235158, 26235158, 26235158, 26235158, 26235158, 26235158, 26235158, 26324758, 26324758, 26324758, 26324758, 26324758, 26324758, 26324758, 26324758, 26324758, 26324758, 26475376, 26475376, 26475376, 26475376, 26475376, 26475376, 26475376, 26475376, 26475376, 26475376, 26475376, 26475376, 26475376, 26475376, 26475376, 26475376, 26475376, 26475376, 26475376, 26437374, 26437374, 26437374, 26366686, 26366686, 26366686, 26366686, 26366686, 26366686, 26366686, 26366686, 26366686, 25853850, 26368885, 26368885, 26368885, 26368885, 26368885, 26368885, 26368885, 25668423, 25668423, 25668423, 25668423, 25668423, 25668423, 25668423, 25969703, 25969703, 25969703, 25969703, 25969703, 25969703, 25969703, 25969703, 25969703, 25969703, 25969703, 25969703, 25969703, 25969703, 25969703, 25969703, 25969703, 25969703, 25969703, 25969703, 25969703, 25969703, 25969703, 25969703, 25969703, 25969703, 25969703, 25969703, 25969703, 25969703, 25969703, 25969703, 25969703, 25969703, 25969703, 25969703, 25969703, 25969703, 25969703, 25969703, 25969703, 25969703, 25969703, 25969703, 25969703, 25969703, 25969703]",0,0,0,NPU,0,0,0,0,0
0,14,meta-llama/Llama-3.1-8B,299,648,1601985365,25897359539,24295374174,18521148,88239126,69560732,"[96123413, 51256885, 32012743, 26675277, 26675277, 28558674, 70229042, 118043521, 42936682, 27088051, 27088051, 28895629, 51476100, 27218200, 30751195, 27276468, 27276468, 30497428, 27680923, 27680923, 30572150, 98152021, 28111936, 28111936, 28111936, 28111936, 28111936, 27763985, 27763985, 32956438, 28111936, 28111936, 28111936, 28111936, 28111936, 27763985, 27763985, 27763985, 27763985, 27763985, 27763985, 201438401, 42567499, 33481036, 28417079, 28417079, 192591744, 31063928, 28680716, 28680716, 28680716, 28501850, 28501850, 28422327, 28422327, 28422327, 28422327, 28422327, 28422327, 28422327, 28422327, 28422327, 28422327, 28422327, 28422327, 28422327, 28422327, 28422327, 28422327, 25830947, 79078151, 28193675, 28193675, 28193675, 26360054, 26515608, 28272208, 28272208, 28272208, 26822699, 26822699, 28107904, 28107904, 28107904, 28107904, 28107904, 26822699, 26822699, 25802576, 14115943465, 27773145, 27773145, 27773145, 27773145, 27684411, 27684411, 27684411, 27684411, 27684411, 27511680, 27511680, 27511680, 27511680, 27511680, 27511680, 27511680, 27511680, 27511680, 27511680, 27511680, 27511680, 27512576, 27512576, 27512576, 27512576, 27512576, 27512576, 27512576, 27512576, 27512576, 27512576, 27278932, 27278932, 27278932, 27278932, 27278932, 27278932, 27278932, 27278932, 27278932, 27278932, 27278932, 27278932, 27278932, 27278932, 27278932, 27278932, 27232760, 27232760, 27232760, 27232760, 27232760, 27232760, 27232760, 27103283, 27061067, 27061067, 27061067, 27061067, 27061067, 27061067, 26859940, 26859940, 26859940, 26859940, 26859940, 26859940, 26859940, 26859940, 26859940, 26859940, 26859940, 26726923, 26695203, 26615821, 26615821, 26615821, 26615821, 26615821, 26615821, 26615821, 26615821, 26615821, 26615821, 26615821, 26553020, 26553020, 26553020, 26553020, 26553020, 26553020, 26553020, 26553020, 26553020, 26553020, 26553020, 26553020, 26349776, 26287926, 26287926, 26287926, 26287926, 26287926, 26287926, 26287926, 26287926, 26287926, 26287926, 26445624, 26445624, 26445624, 26445624, 26445624, 26445624, 26445624, 26445624, 26044318, 26164062, 26164062, 26164062, 26164062, 26164062, 26164062, 26164062, 26164062, 26164062, 26164062, 26164062, 26164062, 26164062, 26164062, 26164062, 26164062, 26164062, 25997827, 25997827, 25997827, 25997827, 25997827, 25997827, 25997827, 26235158, 26235158, 26235158, 26235158, 26235158, 26235158, 26235158, 26235158, 26235158, 26324758, 26324758, 26324758, 26324758, 26324758, 26324758, 26324758, 26324758, 26324758, 26324758, 26475376, 26475376, 26475376, 26475376, 26475376, 26475376, 26475376, 26475376, 26475376, 26475376, 26475376, 26475376, 26475376, 26475376, 26475376, 26475376, 26475376, 26475376, 26475376, 26437374, 26437374, 26437374, 26366686, 26366686, 26366686, 26366686, 26366686, 26366686, 26366686, 26366686, 26366686, 25853850, 26368885, 26368885, 26368885, 26368885, 26368885, 26368885, 26368885, 25668423, 25668423, 25668423, 25668423, 25668423, 25668423, 25668423, 25969703, 25969703, 25969703, 25969703, 25969703, 25969703, 25969703, 25969703, 25969703, 25969703, 25969703, 25969703, 25969703, 25969703, 25969703, 25969703, 25969703, 25969703, 25969703, 25969703, 25969703, 25969703, 25969703, 25969703, 25969703, 25969703, 25969703, 25969703, 25969703, 25969703, 25969703, 25969703, 25969703, 25969703, 25969703, 25969703, 25969703, 25969703, 25969703, 25969703, 25969703, 25969703, 25969703, 25969703, 25969703, 25969703, 25969703, 25859550, 25859550, 25859550, 25859550, 25859550]",0,0,0,NPU,0,0,0,0,0
0,30,meta-llama/Llama-3.1-8B,18,416,2510934206,27875280185,25364345979,4731235,35303385,63801114,"[98152021, 28111936, 28111936, 28111936, 28111936, 28111936, 27763985, 27763985, 32956438, 28111936, 28111936, 28111936, 28111936, 28111936, 27763985, 27763985, 27763985, 27763985, 27763985, 27763985, 201438401, 42567499, 33481036, 28417079, 28417079, 192591744, 31063928, 28680716, 28680716, 28680716, 28501850, 28501850, 28422327, 28422327, 28422327, 28422327, 28422327, 28422327, 28422327, 28422327, 28422327, 28422327, 28422327, 28422327, 28422327, 28422327, 28422327, 28422327, 104909098, 28193675, 28193675, 28193675, 81147870, 28272208, 28272208, 81753302, 28107904, 28107904, 28107904, 28107904, 14195391439, 27773145, 27773145, 27773145, 27773145, 27684411, 27684411, 27684411, 27684411, 27684411, 27511680, 27511680, 27511680, 27511680, 27511680, 27511680, 27511680, 27511680, 27511680, 27511680, 27511680, 27511680, 27512576, 27512576, 27512576, 27512576, 27512576, 27512576, 27512576, 27512576, 27512576, 27512576, 27278932, 27278932, 27278932, 27278932, 27278932, 27278932, 27278932, 27278932, 27278932, 27278932, 27278932, 27278932, 27278932, 27278932, 27278932, 27278932, 27232760, 27232760, 27232760, 27232760, 27232760, 27232760, 27232760, 27103283, 27061067, 27061067, 27061067, 27061067, 27061067, 27061067, 26859940, 26859940, 26859940, 26859940, 26859940, 26859940, 26859940, 26859940, 26859940, 26859940, 26859940, 26726923, 26695203, 26615821, 26615821, 26615821, 26615821, 26615821, 26615821, 26615821, 26615821, 26615821, 26615821, 26615821, 26553020, 26553020, 26553020, 26553020, 26553020, 26553020, 26553020, 26553020, 26553020, 26553020, 26553020, 26553020, 26349776, 26287926, 26287926, 26287926, 26287926, 26287926, 26287926, 26287926, 26287926, 26287926, 26287926, 26445624, 26445624, 26445624, 26445624, 26445624, 26445624, 26445624, 26445624, 26044318, 26164062, 26164062, 26164062, 26164062, 26164062, 26164062, 26164062, 26164062, 26164062, 26164062, 26164062, 26164062, 26164062, 26164062, 26164062, 26164062, 26164062, 25997827, 25997827, 25997827, 25997827, 25997827, 25997827, 25997827, 26235158, 26235158, 26235158, 26235158, 26235158, 26235158, 26235158, 26235158, 26235158, 26324758, 26324758, 26324758, 26324758, 26324758, 26324758, 26324758, 26324758, 26324758, 26324758, 26475376, 26475376, 26475376, 26475376, 26475376, 26475376, 26475376, 26475376, 26475376, 26475376, 26475376, 26475376, 26475376, 26475376, 26475376, 26475376, 26475376, 26475376, 26475376, 26437374, 26437374, 26437374, 26366686, 26366686, 26366686, 26366686, 26366686, 26366686, 26366686, 26366686, 26366686, 25853850, 26368885, 26368885, 26368885, 26368885, 26368885, 26368885, 26368885, 25668423, 25668423, 25668423, 25668423, 25668423, 25668423, 25668423, 25969703, 25969703, 25969703, 25969703, 25969703, 25969703, 25969703, 25969703, 25969703, 25969703, 25969703, 25969703, 25969703, 25969703, 25969703, 25969703, 25969703, 25969703, 25969703, 25969703, 25969703, 25969703, 25969703, 25969703, 25969703, 25969703, 25969703, 25969703, 25969703, 25969703, 25969703, 25969703, 25969703, 25969703, 25969703, 25969703, 25969703, 25969703, 25969703, 25969703, 25969703, 25969703, 25969703, 25969703, 25969703, 25969703, 25969703, 25859550, 25859550, 25859550, 25859550, 25859550, 25263093, 25263093, 25263093, 25263093, 25263093, 25263093, 25263093, 25263093, 25263093, 25263093, 25263093, 25263093, 25263093, 25263093, 25263093, 25263093, 25263093, 25263093, 25263093, 25263093, 25263093, 25263093, 25263093, 25263093, 25263093, 25263093, 25263093, 25263093, 25263093, 25263093, 25263093, 25263093, 25263093, 25263093, 25263093, 25263093, 25263093, 25263093, 25263093, 25263093, 25263093, 25263093, 25263093, 25263093, 25263093, 25487317, 25487317, 25487317, 25487317, 25487317, 25487317, 25487317, 25487317, 25487317, 25487317, 25487317, 25487317, 25487317, 25487317, 25487317, 25487317, 25487317, 25487317, 25487317, 25487317, 25487317, 25487317, 25487317, 25487317, 25487317, 25487317, 25487317, 25487317, 25487317, 25487317, 25487317, 25487317, 25487317]",0,0,0,NPU,0,0,0,0,0
0,17,meta-llama/Llama-3.1-8B,202,627,1732914662,27926745143,26193830481,53433242,104690127,61530991,"[32012743, 26675277, 26675277, 28558674, 70229042, 118043521, 42936682, 27088051, 27088051, 28895629, 51476100, 27218200, 30751195, 27276468, 27276468, 30497428, 27680923, 27680923, 30572150, 98152021, 28111936, 28111936, 28111936, 28111936, 28111936, 27763985, 27763985, 32956438, 28111936, 28111936, 28111936, 28111936, 28111936, 27763985, 27763985, 27763985, 27763985, 27763985, 27763985, 201438401, 42567499, 33481036, 28417079, 28417079, 192591744, 31063928, 28680716, 28680716, 28680716, 28501850, 28501850, 28422327, 28422327, 28422327, 28422327, 28422327, 28422327, 28422327, 28422327, 28422327, 28422327, 28422327, 28422327, 28422327, 28422327, 28422327, 28422327, 104909098, 28193675, 28193675, 28193675, 26360054, 26515608, 28272208, 28272208, 28272208, 26822699, 26822699, 28107904, 28107904, 28107904, 28107904, 28107904, 26822699, 26822699, 14141746041, 27773145, 27773145, 27773145, 27773145, 27684411, 27684411, 27684411, 27684411, 27684411, 27511680, 27511680, 27511680, 27511680, 27511680, 27511680, 27511680, 27511680, 27511680, 27511680, 27511680, 27511680, 27512576, 27512576, 27512576, 27512576, 27512576, 27512576, 27512576, 27512576, 27512576, 27512576, 27278932, 27278932, 27278932, 27278932, 27278932, 27278932, 27278932, 27278932, 27278932, 27278932, 27278932, 27278932, 27278932, 27278932, 27278932, 27278932, 27232760, 27232760, 27232760, 27232760, 27232760, 27232760, 27232760, 27103283, 27061067, 27061067, 27061067, 27061067, 27061067, 27061067, 26859940, 26859940, 26859940, 26859940, 26859940, 26859940, 26859940, 26859940, 26859940, 26859940, 26859940, 26726923, 26695203, 26615821, 26615821, 26615821, 26615821, 26615821, 26615821, 26615821, 26615821, 26615821, 26615821, 26615821, 26553020, 26553020, 26553020, 26553020, 26553020, 26553020, 26553020, 26553020, 26553020, 26553020, 26553020, 26553020, 26349776, 26287926, 26287926, 26287926, 26287926, 26287926, 26287926, 26287926, 26287926, 26287926, 26287926, 26445624, 26445624, 26445624, 26445624, 26445624, 26445624, 26445624, 26445624, 26044318, 26164062, 26164062, 26164062, 26164062, 26164062, 26164062, 26164062, 26164062, 26164062, 26164062, 26164062, 26164062, 26164062, 26164062, 26164062, 26164062, 26164062, 25997827, 25997827, 25997827, 25997827, 25997827, 25997827, 25997827, 26235158, 26235158, 26235158, 26235158, 26235158, 26235158, 26235158, 26235158, 26235158, 26324758, 26324758, 26324758, 26324758, 26324758, 26324758, 26324758, 26324758, 26324758, 26324758, 26475376, 26475376, 26475376, 26475376, 26475376, 26475376, 26475376, 26475376, 26475376, 26475376, 26475376, 26475376, 26475376, 26475376, 26475376, 26475376, 26475376, 26475376, 26475376, 26437374, 26437374, 26437374, 26366686, 26366686, 26366686, 26366686, 26366686, 26366686, 26366686, 26366686, 26366686, 25853850, 26368885, 26368885, 26368885, 26368885, 26368885, 26368885, 26368885, 25668423, 25668423, 25668423, 25668423, 25668423, 25668423, 25668423, 25969703, 25969703, 25969703, 25969703, 25969703, 25969703, 25969703, 25969703, 25969703, 25969703, 25969703, 25969703, 25969703, 25969703, 25969703, 25969703, 25969703, 25969703, 25969703, 25969703, 25969703, 25969703, 25969703, 25969703, 25969703, 25969703, 25969703, 25969703, 25969703, 25969703, 25969703, 25969703, 25969703, 25969703, 25969703, 25969703, 25969703, 25969703, 25969703, 25969703, 25969703, 25969703, 25969703, 25969703, 25969703, 25969703, 25969703, 25859550, 25859550, 25859550, 25859550, 25859550, 25263093, 25263093, 25263093, 25263093, 25263093, 25263093, 25263093, 25263093, 25263093, 25263093, 25263093, 25263093, 25263093, 25263093, 25263093, 25263093, 25263093, 25263093, 25263093, 25263093, 25263093, 25263093, 25263093, 25263093, 25263093, 25263093, 25263093, 25263093, 25263093, 25263093, 25263093, 25263093, 25263093, 25263093, 25263093, 25263093, 25263093, 25263093, 25263093, 25263093, 25263093, 25263093, 25263093, 25263093, 25263093, 25487317, 25487317, 25487317, 25487317, 25487317, 25487317, 25487317, 25487317, 25487317, 25487317, 25487317, 25487317, 25487317, 25487317, 25487317, 25487317, 25487317, 25487317, 25487317, 25487317, 25487317, 25487317, 25487317, 25487317, 25487317, 25487317, 25487317, 25487317, 25487317, 25487317, 25487317, 25487317, 25487317, 25732479, 25732479]",0,0,0,NPU,0,0,0,0,0
0,12,meta-llama/Llama-3.1-8B,47,492,1558048705,28289401437,26731352732,5405822,34902404,60127140,"[27555404, 69717978, 96123413, 51256885, 32012743, 26675277, 26675277, 28558674, 70229042, 118043521, 42936682, 27088051, 27088051, 28895629, 51476100, 27218200, 30751195, 27276468, 27276468, 30497428, 27680923, 27680923, 30572150, 98152021, 28111936, 28111936, 28111936, 28111936, 28111936, 27763985, 27763985, 32956438, 28111936, 28111936, 28111936, 28111936, 28111936, 27763985, 27763985, 27763985, 27763985, 27763985, 27763985, 201438401, 42567499, 33481036, 28417079, 28417079, 192591744, 31063928, 28680716, 28680716, 28680716, 28501850, 28501850, 28422327, 28422327, 28422327, 28422327, 28422327, 28422327, 28422327, 28422327, 28422327, 28422327, 28422327, 28422327, 28422327, 28422327, 28422327, 28422327, 25830947, 79078151, 28193675, 28193675, 28193675, 26360054, 26515608, 28272208, 28272208, 28272208, 26822699, 26822699, 28107904, 28107904, 28107904, 28107904, 28107904, 26822699, 26822699, 25802576, 14115943465, 27773145, 27773145, 27773145, 27773145, 27684411, 27684411, 27684411, 27684411, 27684411, 27511680, 27511680, 27511680, 27511680, 27511680, 27511680, 27511680, 27511680, 27511680, 27511680, 27511680, 27511680, 27512576, 27512576, 27512576, 27512576, 27512576, 27512576, 27512576, 27512576, 27512576, 27512576, 27278932, 27278932, 27278932, 27278932, 27278932, 27278932, 27278932, 27278932, 27278932, 27278932, 27278932, 27278932, 27278932, 27278932, 27278932, 27278932, 27232760, 27232760, 27232760, 27232760, 27232760, 27232760, 27232760, 27103283, 27061067, 27061067, 27061067, 27061067, 27061067, 27061067, 26859940, 26859940, 26859940, 26859940, 26859940, 26859940, 26859940, 26859940, 26859940, 26859940, 26859940, 26726923, 26695203, 26615821, 26615821, 26615821, 26615821, 26615821, 26615821, 26615821, 26615821, 26615821, 26615821, 26615821, 26553020, 26553020, 26553020, 26553020, 26553020, 26553020, 26553020, 26553020, 26553020, 26553020, 26553020, 26553020, 26349776, 26287926, 26287926, 26287926, 26287926, 26287926, 26287926, 26287926, 26287926, 26287926, 26287926, 26445624, 26445624, 26445624, 26445624, 26445624, 26445624, 26445624, 26445624, 26044318, 26164062, 26164062, 26164062, 26164062, 26164062, 26164062, 26164062, 26164062, 26164062, 26164062, 26164062, 26164062, 26164062, 26164062, 26164062, 26164062, 26164062, 25997827, 25997827, 25997827, 25997827, 25997827, 25997827, 25997827, 26235158, 26235158, 26235158, 26235158, 26235158, 26235158, 26235158, 26235158, 26235158, 26324758, 26324758, 26324758, 26324758, 26324758, 26324758, 26324758, 26324758, 26324758, 26324758, 26475376, 26475376, 26475376, 26475376, 26475376, 26475376, 26475376, 26475376, 26475376, 26475376, 26475376, 26475376, 26475376, 26475376, 26475376, 26475376, 26475376, 26475376, 26475376, 26437374, 26437374, 26437374, 26366686, 26366686, 26366686, 26366686, 26366686, 26366686, 26366686, 26366686, 26366686, 25853850, 26368885, 26368885, 26368885, 26368885, 26368885, 26368885, 26368885, 25668423, 25668423, 25668423, 25668423, 25668423, 25668423, 25668423, 25969703, 25969703, 25969703, 25969703, 25969703, 25969703, 25969703, 25969703, 25969703, 25969703, 25969703, 25969703, 25969703, 25969703, 25969703, 25969703, 25969703, 25969703, 25969703, 25969703, 25969703, 25969703, 25969703, 25969703, 25969703, 25969703, 25969703, 25969703, 25969703, 25969703, 25969703, 25969703, 25969703, 25969703, 25969703, 25969703, 25969703, 25969703, 25969703, 25969703, 25969703, 25969703, 25969703, 25969703, 25969703, 25969703, 25969703, 25859550, 25859550, 25859550, 25859550, 25859550, 25263093, 25263093, 25263093, 25263093, 25263093, 25263093, 25263093, 25263093, 25263093, 25263093, 25263093, 25263093, 25263093, 25263093, 25263093, 25263093, 25263093, 25263093, 25263093, 25263093, 25263093, 25263093, 25263093, 25263093, 25263093, 25263093, 25263093, 25263093, 25263093, 25263093, 25263093, 25263093, 25263093, 25263093, 25263093, 25263093, 25263093, 25263093, 25263093, 25263093, 25263093, 25263093, 25263093, 25263093, 25263093, 25487317, 25487317, 25487317, 25487317, 25487317, 25487317, 25487317, 25487317, 25487317, 25487317, 25487317, 25487317, 25487317, 25487317, 25487317, 25487317, 25487317, 25487317, 25487317, 25487317, 25487317, 25487317, 25487317, 25487317, 25487317, 25487317, 25487317, 25487317, 25487317, 25487317, 25487317, 25487317, 25487317, 25732479, 25732479, 25904021, 25904021, 25904021, 25904021, 25904021, 25904021, 25904021, 25904021, 25904021, 25904021, 25904021, 25904021, 25904021, 25904021]",0,0,0,NPU,0,0,0,0,0
0,19,meta-llama/Llama-3.1-8B,24,532,1823890667,30114498042,28290607375,13714122,45726865,55709823,"[26675277, 26675277, 28558674, 70229042, 118043521, 42936682, 27088051, 27088051, 28895629, 51476100, 27218200, 30751195, 27276468, 27276468, 30497428, 27680923, 27680923, 30572150, 98152021, 28111936, 28111936, 28111936, 28111936, 28111936, 27763985, 27763985, 32956438, 28111936, 28111936, 28111936, 28111936, 28111936, 27763985, 27763985, 27763985, 27763985, 27763985, 27763985, 201438401, 42567499, 33481036, 28417079, 28417079, 192591744, 31063928, 28680716, 28680716, 28680716, 28501850, 28501850, 28422327, 28422327, 28422327, 28422327, 28422327, 28422327, 28422327, 28422327, 28422327, 28422327, 28422327, 28422327, 28422327, 28422327, 28422327, 28422327, 104909098, 28193675, 28193675, 28193675, 26360054, 54787816, 28272208, 28272208, 26822699, 26822699, 28107904, 28107904, 28107904, 28107904, 28107904, 26822699, 26822699, 14141746041, 27773145, 27773145, 27773145, 27773145, 27684411, 27684411, 27684411, 27684411, 27684411, 27511680, 27511680, 27511680, 27511680, 27511680, 27511680, 27511680, 27511680, 27511680, 27511680, 27511680, 27511680, 27512576, 27512576, 27512576, 27512576, 27512576, 27512576, 27512576, 27512576, 27512576, 27512576, 27278932, 27278932, 27278932, 27278932, 27278932, 27278932, 27278932, 27278932, 27278932, 27278932, 27278932, 27278932, 27278932, 27278932, 27278932, 27278932, 27232760, 27232760, 27232760, 27232760, 27232760, 27232760, 27232760, 27103283, 27061067, 27061067, 27061067, 27061067, 27061067, 27061067, 26859940, 26859940, 26859940, 26859940, 26859940, 26859940, 26859940, 26859940, 26859940, 26859940, 26859940, 26726923, 26695203, 26615821, 26615821, 26615821, 26615821, 26615821, 26615821, 26615821, 26615821, 26615821, 26615821, 26615821, 26553020, 26553020, 26553020, 26553020, 26553020, 26553020, 26553020, 26553020, 26553020, 26553020, 26553020, 26553020, 26349776, 26287926, 26287926, 26287926, 26287926, 26287926, 26287926, 26287926, 26287926, 26287926, 26287926, 26445624, 26445624, 26445624, 26445624, 26445624, 26445624, 26445624, 26445624, 26044318, 26164062, 26164062, 26164062, 26164062, 26164062, 26164062, 26164062, 26164062, 26164062, 26164062, 26164062, 26164062, 26164062, 26164062, 26164062, 26164062, 26164062, 25997827, 25997827, 25997827, 25997827, 25997827, 25997827, 25997827, 26235158, 26235158, 26235158, 26235158, 26235158, 26235158, 26235158, 26235158, 26235158, 26324758, 26324758, 26324758, 26324758, 26324758, 26324758, 26324758, 26324758, 26324758, 26324758, 26475376, 26475376, 26475376, 26475376, 26475376, 26475376, 26475376, 26475376, 26475376, 26475376, 26475376, 26475376, 26475376, 26475376, 26475376, 26475376, 26475376, 26475376, 26475376, 26437374, 26437374, 26437374, 26366686, 26366686, 26366686, 26366686, 26366686, 26366686, 26366686, 26366686, 26366686, 25853850, 26368885, 26368885, 26368885, 26368885, 26368885, 26368885, 26368885, 25668423, 25668423, 25668423, 25668423, 25668423, 25668423, 25668423, 25969703, 25969703, 25969703, 25969703, 25969703, 25969703, 25969703, 25969703, 25969703, 25969703, 25969703, 25969703, 25969703, 25969703, 25969703, 25969703, 25969703, 25969703, 25969703, 25969703, 25969703, 25969703, 25969703, 25969703, 25969703, 25969703, 25969703, 25969703, 25969703, 25969703, 25969703, 25969703, 25969703, 25969703, 25969703, 25969703, 25969703, 25969703, 25969703, 25969703, 25969703, 25969703, 25969703, 25969703, 25969703, 25969703, 25969703, 25859550, 25859550, 25859550, 25859550, 25859550, 25263093, 25263093, 25263093, 25263093, 25263093, 25263093, 25263093, 25263093, 25263093, 25263093, 25263093, 25263093, 25263093, 25263093, 25263093, 25263093, 25263093, 25263093, 25263093, 25263093, 25263093, 25263093, 25263093, 25263093, 25263093, 25263093, 25263093, 25263093, 25263093, 25263093, 25263093, 25263093, 25263093, 25263093, 25263093, 25263093, 25263093, 25263093, 25263093, 25263093, 25263093, 25263093, 25263093, 25263093, 25263093, 25487317, 25487317, 25487317, 25487317, 25487317, 25487317, 25487317, 25487317, 25487317, 25487317, 25487317, 25487317, 25487317, 25487317, 25487317, 25487317, 25487317, 25487317, 25487317, 25487317, 25487317, 25487317, 25487317, 25487317, 25487317, 25487317, 25487317, 25487317, 25487317, 25487317, 25487317, 25487317, 25487317, 25732479, 25732479, 25904021, 25904021, 25904021, 25904021, 25904021, 25904021, 25904021, 25904021, 25904021, 25904021, 25904021, 25904021, 25904021, 25904021, 25679419, 25679419, 25679419, 25679419, 25679419, 25679419, 25679419, 25679419, 25679419, 25679419, 25679419, 25679419, 25679419, 25679419, 25679419, 25679419, 25679419, 25679419, 25679419, 25679419, 25679419, 25679419, 25679419, 25679419, 25679419, 25679419, 25679419, 25679419, 25679419, 25679419, 25679419, 25679419, 25679419, 25679419, 25679419, 25679419, 25679419, 25679419, 25679419, 25679419, 25679419, 25679419, 25679419, 25679419, 25679419, 25679419, 25679419, 25679419, 25679419, 25763867, 25763867, 25763867, 25763867, 25763867, 25763867, 25763867, 25763867, 25763867, 25763867, 25763867, 25763867, 25763867, 25763867, 25763867, 25763867, 25763867, 25763867, 25763867, 25763867, 25763867, 25763867]",0,0,0,NPU,0,0,0,0,0
0,18,meta-llama/Llama-3.1-8B,30,619,1789468368,32257405466,30467937098,48136421,80149164,51679911,"[26675277, 26675277, 28558674, 70229042, 118043521, 42936682, 27088051, 27088051, 28895629, 51476100, 27218200, 30751195, 27276468, 27276468, 30497428, 27680923, 27680923, 30572150, 98152021, 28111936, 28111936, 28111936, 28111936, 28111936, 27763985, 27763985, 32956438, 28111936, 28111936, 28111936, 28111936, 28111936, 27763985, 27763985, 27763985, 27763985, 27763985, 27763985, 201438401, 42567499, 33481036, 28417079, 28417079, 192591744, 31063928, 28680716, 28680716, 28680716, 28501850, 28501850, 28422327, 28422327, 28422327, 28422327, 28422327, 28422327, 28422327, 28422327, 28422327, 28422327, 28422327, 28422327, 28422327, 28422327, 28422327, 28422327, 104909098, 28193675, 28193675, 28193675, 26360054, 26515608, 28272208, 28272208, 28272208, 26822699, 26822699, 28107904, 28107904, 28107904, 28107904, 28107904, 26822699, 26822699, 14141746041, 27773145, 27773145, 27773145, 27773145, 27684411, 27684411, 27684411, 27684411, 27684411, 27511680, 27511680, 27511680, 27511680, 27511680, 27511680, 27511680, 27511680, 27511680, 27511680, 27511680, 27511680, 27512576, 27512576, 27512576, 27512576, 27512576, 27512576, 27512576, 27512576, 27512576, 27512576, 27278932, 27278932, 27278932, 27278932, 27278932, 27278932, 27278932, 27278932, 27278932, 27278932, 27278932, 27278932, 27278932, 27278932, 27278932, 27278932, 27232760, 27232760, 27232760, 27232760, 27232760, 27232760, 27232760, 27103283, 27061067, 27061067, 27061067, 27061067, 27061067, 27061067, 26859940, 26859940, 26859940, 26859940, 26859940, 26859940, 26859940, 26859940, 26859940, 26859940, 26859940, 26726923, 26695203, 26615821, 26615821, 26615821, 26615821, 26615821, 26615821, 26615821, 26615821, 26615821, 26615821, 26615821, 26553020, 26553020, 26553020, 26553020, 26553020, 26553020, 26553020, 26553020, 26553020, 26553020, 26553020, 26553020, 26349776, 26287926, 26287926, 26287926, 26287926, 26287926, 26287926, 26287926, 26287926, 26287926, 26287926, 26445624, 26445624, 26445624, 26445624, 26445624, 26445624, 26445624, 26445624, 26044318, 26164062, 26164062, 26164062, 26164062, 26164062, 26164062, 26164062, 26164062, 26164062, 26164062, 26164062, 26164062, 26164062, 26164062, 26164062, 26164062, 26164062, 25997827, 25997827, 25997827, 25997827, 25997827, 25997827, 25997827, 26235158, 26235158, 26235158, 26235158, 26235158, 26235158, 26235158, 26235158, 26235158, 26324758, 26324758, 26324758, 26324758, 26324758, 26324758, 26324758, 26324758, 26324758, 26324758, 26475376, 26475376, 26475376, 26475376, 26475376, 26475376, 26475376, 26475376, 26475376, 26475376, 26475376, 26475376, 26475376, 26475376, 26475376, 26475376, 26475376, 26475376, 26475376, 26437374, 26437374, 26437374, 26366686, 26366686, 26366686, 26366686, 26366686, 26366686, 26366686, 26366686, 26366686, 25853850, 26368885, 26368885, 26368885, 26368885, 26368885, 26368885, 26368885, 25668423, 25668423, 25668423, 25668423, 25668423, 25668423, 25668423, 25969703, 25969703, 25969703, 25969703, 25969703, 25969703, 25969703, 25969703, 25969703, 25969703, 25969703, 25969703, 25969703, 25969703, 25969703, 25969703, 25969703, 25969703, 25969703, 25969703, 25969703, 25969703, 25969703, 25969703, 25969703, 25969703, 25969703, 25969703, 25969703, 25969703, 25969703, 25969703, 25969703, 25969703, 25969703, 25969703, 25969703, 25969703, 25969703, 25969703, 25969703, 25969703, 25969703, 25969703, 25969703, 25969703, 25969703, 25859550, 25859550, 25859550, 25859550, 25859550, 25263093, 25263093, 25263093, 25263093, 25263093, 25263093, 25263093, 25263093, 25263093, 25263093, 25263093, 25263093, 25263093, 25263093, 25263093, 25263093, 25263093, 25263093, 25263093, 25263093, 25263093, 25263093, 25263093, 25263093, 25263093, 25263093, 25263093, 25263093, 25263093, 25263093, 25263093, 25263093, 25263093, 25263093, 25263093, 25263093, 25263093, 25263093, 25263093, 25263093, 25263093, 25263093, 25263093, 25263093, 25263093, 25487317, 25487317, 25487317, 25487317, 25487317, 25487317, 25487317, 25487317, 25487317, 25487317, 25487317, 25487317, 25487317, 25487317, 25487317, 25487317, 25487317, 25487317, 25487317, 25487317, 25487317, 25487317, 25487317, 25487317, 25487317, 25487317, 25487317, 25487317, 25487317, 25487317, 25487317, 25487317, 25487317, 25732479, 25732479, 25904021, 25904021, 25904021, 25904021, 25904021, 25904021, 25904021, 25904021, 25904021, 25904021, 25904021, 25904021, 25904021, 25904021, 25679419, 25679419, 25679419, 25679419, 25679419, 25679419, 25679419, 25679419, 25679419, 25679419, 25679419, 25679419, 25679419, 25679419, 25679419, 25679419, 25679419, 25679419, 25679419, 25679419, 25679419, 25679419, 25679419, 25679419, 25679419, 25679419, 25679419, 25679419, 25679419, 25679419, 25679419, 25679419, 25679419, 25679419, 25679419, 25679419, 25679419, 25679419, 25679419, 25679419, 25679419, 25679419, 25679419, 25679419, 25679419, 25679419, 25679419, 25679419, 25679419, 25763867, 25763867, 25763867, 25763867, 25763867, 25763867, 25763867, 25763867, 25763867, 25763867, 25763867, 25763867, 25763867, 25763867, 25763867, 25763867, 25763867, 25763867, 25763867, 25763867, 25763867, 25763867, 26581534, 26581534, 26581534, 26581534, 26581534, 26581534, 26581534, 26581534, 26581534, 26581534, 26581534, 26581534, 26581534, 26581534, 26581534, 26581534, 26581534, 26581534, 26581534, 26581534, 26581534, 26581534, 26581534, 26581534, 26581534, 26581534, 26581534, 26581534, 26581534, 26581534, 26581534, 26581534, 26581534, 26581534, 26581534, 26581534, 26581534, 26581534, 26971646, 26971646, 26971646, 26971646, 26971646, 26971646, 26971646, 26971646, 26971646, 26971646, 26971646, 26971646, 26971646, 26971646, 26971646, 26971646, 26971646, 26971646, 26971646, 26971646, 26971646, 26971646, 26971646, 26971646, 26971646, 26971646, 26971646, 26971646, 26971646, 26971646, 26971646, 26971646, 26971646, 26971646, 26971646, 26971646, 26971646, 26971646, 26971646, 26971646, 26971646, 26971646]",0,0,0,NPU,0,0,0,0,0
