instance id,request id,model,input,output,arrival,end_time,latency,queuing_delay,TTFT,TPOT,ITL,npu_cache_hit,storage_cache_hit,prefix_cache_hit,tier_reload_source,evict_npu_to_cpu_bytes,evict_npu_to_cxl_bytes,load_cpu_to_npu_bytes,load_cxl_to_npu_bytes,evict_raw_bytes,evict_stored_bytes,evict_compression_ratio,tier_transition_bytes_total
0,8,meta-llama/Llama-3.1-8B,12,52,903845068,2265773254,1361928186,11282712,38624659,33930859,"[25221007, 25221007, 25221007, 25221007, 27747738, 25739209, 25739209, 25739209, 25739209, 25739209, 25739209, 25739209, 25739209, 25739209, 25739209, 25739209, 25739209, 28808393, 25775990, 25775990, 25775990, 25775990, 25775990, 25775990, 29496053, 27555059, 69716119, 96120552, 51255519, 32012146, 26674953, 26674953, 28558287, 70227136, 118039990, 42935493, 27087701, 27087701, 28895258]",0,0,0,NPU,0,0,0,0,0,0,1.0,0
0,11,meta-llama/Llama-3.1-8B,31,68,1379405751,2784905467,1405499716,566250,29374643,38225696,"[25775990, 25775990, 25775990, 25775990, 25775990, 25775990, 29496053, 27555059, 69716119, 96120552, 51255519, 32012146, 26674953, 26674953, 28558287, 70227136, 118039990, 42935493, 27087701, 27087701, 28895258, 51474744, 27217844, 30750660, 27276107, 27276107, 30496947, 27680552, 27680552, 30571684, 98149271, 28111549, 28111549, 28111549, 28111549, 28111549]",0,0,0,NPU,0,0,0,0,0,0,1.0,0
0,25,meta-llama/Llama-3.1-8B,4,28,2228417547,3013946296,785528749,8460449,37355707,32529262,"[51474744, 27217844, 30750660, 27276107, 27276107, 30496947, 27680552, 27680552, 30571684, 98149271, 28111549, 28111549, 28111549, 28111549, 28111549, 27763603, 27763603, 32955878, 28111549, 28111549, 28111549, 28111549, 28111549]",0,0,0,NPU,0,0,0,0,0,0,1.0,0
0,35,meta-llama/Llama-3.1-8B,1,10,3336021694,3824531164,488509470,45938660,88505064,50000550,"[33480413, 28416676, 28416676, 192586264, 31063468, 28680303, 28680303, 28680303]",0,0,0,NPU,0,0,0,0,0,0,1.0,0
0,28,meta-llama/Llama-3.1-8B,7,43,2412644520,3881534048,1468889528,17124196,47621143,40607668,"[27680552, 27680552, 30571684, 98149271, 28111549, 28111549, 28111549, 28111549, 28111549, 27763603, 27763603, 32955878, 28111549, 28111549, 28111549, 28111549, 28111549, 27763603, 27763603, 27763603, 27763603, 27763603, 27763603, 201432440, 42566404, 33480413, 28416676, 28416676, 192586264, 31063468, 28680303, 28680303, 28680303, 28501442, 28501442]",0,0,0,NPU,0,0,0,0,0,0,1.0,0
0,1,meta-llama/Llama-3.1-8B,19,138,347938951,4421550604,4073611653,13319203,40152816,34181854,"[24480789, 24480789, 24480789, 24480789, 29951478, 24432234, 24432234, 24432234, 93685508, 27175694, 25061799, 25061799, 25061799, 25061799, 25061799, 28986224, 25354128, 25354128, 27341947, 25221007, 25221007, 25221007, 25221007, 27747738, 25739209, 25739209, 25739209, 25739209, 25739209, 25739209, 25739209, 25739209, 25739209, 25739209, 25739209, 25739209, 28808393, 25775990, 25775990, 25775990, 25775990, 25775990, 25775990, 29496053, 27555059, 69716119, 96120552, 51255519, 32012146, 26674953, 26674953, 28558287, 70227136, 118039990, 42935493, 27087701, 27087701, 28895258, 51474744, 27217844, 30750660, 27276107, 27276107, 30496947, 27680552, 27680552, 30571684, 98149271, 28111549, 28111549, 28111549, 28111549, 28111549, 27763603, 27763603, 32955878, 28111549, 28111549, 28111549, 28111549, 28111549, 27763603, 27763603, 27763603, 27763603, 27763603, 27763603, 201432440, 42566404, 33480413, 28416676, 28416676, 192586264, 31063468, 28680303, 28680303, 28680303, 28501442, 28501442, 28421924, 28421924, 28421924, 28421924, 28421924, 28421924, 28421924, 28421924, 28421924, 28421924, 28421924, 28421924, 28421924, 28421924, 28421924, 28421924, 28421924, 28421924, 28421924]",0,0,0,NPU,0,0,0,0,0,0,1.0,0
0,6,meta-llama/Llama-3.1-8B,21,134,610813767,4534323712,3923509945,72134844,99310538,34144637,"[25061799, 25061799, 25061799, 25061799, 25061799, 28986224, 25354128, 25354128, 27341947, 25221007, 25221007, 25221007, 25221007, 27747738, 25739209, 25739209, 25739209, 25739209, 25739209, 25739209, 25739209, 25739209, 25739209, 25739209, 25739209, 25739209, 28808393, 25775990, 25775990, 25775990, 25775990, 25775990, 25775990, 29496053, 27555059, 69716119, 96120552, 51255519, 32012146, 26674953, 26674953, 28558287, 70227136, 118039990, 42935493, 27087701, 27087701, 28895258, 51474744, 27217844, 30750660, 27276107, 27276107, 30496947, 27680552, 27680552, 30571684, 98149271, 28111549, 28111549, 28111549, 28111549, 28111549, 27763603, 27763603, 32955878, 28111549, 28111549, 28111549, 28111549, 28111549, 27763603, 27763603, 27763603, 27763603, 27763603, 27763603, 201432440, 42566404, 33480413, 28416676, 28416676, 192586264, 31063468, 28680303, 28680303, 28680303, 28501442, 28501442, 28421924, 28421924, 28421924, 28421924, 28421924, 28421924, 28421924, 28421924, 28421924, 28421924, 28421924, 28421924, 28421924, 28421924, 28421924, 28421924, 28421924, 28421924, 28421924, 28193277, 28193277, 28193277, 28193277]",0,0,0,NPU,0,0,0,0,0,0,1.0,0
0,2,meta-llama/Llama-3.1-8B,91,216,479613520,4732226424,4252612904,6401403,36352881,34002096,"[24432234, 24432234, 24432234, 93685508, 27175694, 25061799, 25061799, 25061799, 25061799, 25061799, 28986224, 25354128, 25354128, 27341947, 25221007, 25221007, 25221007, 25221007, 27747738, 25739209, 25739209, 25739209, 25739209, 25739209, 25739209, 25739209, 25739209, 25739209, 25739209, 25739209, 25739209, 28808393, 25775990, 25775990, 25775990, 25775990, 25775990, 25775990, 29496053, 27555059, 69716119, 96120552, 51255519, 32012146, 26674953, 26674953, 28558287, 70227136, 118039990, 42935493, 27087701, 27087701, 28895258, 51474744, 27217844, 30750660, 27276107, 27276107, 30496947, 27680552, 27680552, 30571684, 98149271, 28111549, 28111549, 28111549, 28111549, 28111549, 27763603, 27763603, 32955878, 28111549, 28111549, 28111549, 28111549, 28111549, 27763603, 27763603, 27763603, 27763603, 27763603, 27763603, 201432440, 42566404, 33480413, 28416676, 28416676, 192586264, 31063468, 28680303, 28680303, 28680303, 28501442, 28501442, 28421924, 28421924, 28421924, 28421924, 28421924, 28421924, 28421924, 28421924, 28421924, 28421924, 28421924, 28421924, 28421924, 28421924, 28421924, 28421924, 28421924, 28421924, 28421924, 28193277, 28193277, 28193277, 28193277, 28271816, 28271816, 28271816, 28271816, 28271816, 28271816, 28271816]",0,0,0,NPU,0,0,0,0,0,0,1.0,0
0,34,meta-llama/Llama-3.1-8B,1065,1110,3170788537,4816561519,1645772982,9739377,211171817,32604571,"[42566404, 33480413, 28416676, 28416676, 192586264, 31063468, 28680303, 28680303, 28680303, 28501442, 28501442, 28421924, 28421924, 28421924, 28421924, 28421924, 28421924, 28421924, 28421924, 28421924, 28421924, 28421924, 28421924, 28421924, 28421924, 28421924, 28421924, 28421924, 28421924, 28421924, 28193277, 28193277, 28193277, 28193277, 28271816, 28271816, 28271816, 28271816, 28271816, 28271816, 28271816, 28107517, 28113789, 28113789]",0,0,0,NPU,0,0,0,0,0,0,1.0,0
0,26,meta-llama/Llama-3.1-8B,192,275,2250691133,5066411770,2815720637,15082121,66556865,33526387,"[27217844, 30750660, 27276107, 27276107, 30496947, 27680552, 27680552, 30571684, 98149271, 28111549, 28111549, 28111549, 28111549, 28111549, 27763603, 27763603, 32955878, 28111549, 28111549, 28111549, 28111549, 28111549, 27763603, 27763603, 27763603, 27763603, 27763603, 27763603, 201432440, 42566404, 33480413, 28416676, 28416676, 192586264, 31063468, 28680303, 28680303, 28680303, 28501442, 28501442, 28421924, 28421924, 28421924, 28421924, 28421924, 28421924, 28421924, 28421924, 28421924, 28421924, 28421924, 28421924, 28421924, 28421924, 28421924, 28421924, 28421924, 28421924, 28421924, 28193277, 28193277, 28193277, 28193277, 28271816, 28271816, 28271816, 28271816, 28271816, 28271816, 28271816, 28107517, 28113789, 28113789, 27761139, 27761139, 27761139, 27761139, 27761139, 27761139, 27761139, 27761139, 27761139]",0,0,0,NPU,0,0,0,0,0,0,1.0,0
0,36,meta-llama/Llama-3.1-8B,134,205,3372350479,5566182330,2193831851,9609875,52176279,30595079,"[33480413, 28416676, 28416676, 192586264, 31063468, 28680303, 28680303, 28680303, 28501442, 28501442, 28421924, 28421924, 28421924, 28421924, 28421924, 28421924, 28421924, 28421924, 28421924, 28421924, 28421924, 28421924, 28421924, 28421924, 28421924, 28421924, 28421924, 28421924, 28421924, 28193277, 28193277, 28193277, 28193277, 28271816, 28271816, 28271816, 28271816, 28271816, 28271816, 28271816, 28107517, 28113789, 28113789, 27761139, 27761139, 27761139, 27761139, 27761139, 27761139, 27761139, 27761139, 27761139, 27764576, 27764576, 27764576, 27764576, 27764576, 27764576, 27764576, 27764576, 27764576, 27764576, 27764576, 27764576, 27764576, 27764576, 27764576, 27764576, 27764576, 27772768]",0,0,0,NPU,0,0,0,0,0,0,1.0,0
0,24,meta-llama/Llama-3.1-8B,161,286,2074623946,6119881050,4045257104,65143155,108078648,31751439,"[27087701, 27087701, 28895258, 51474744, 27217844, 30750660, 27276107, 27276107, 30496947, 27680552, 27680552, 30571684, 98149271, 28111549, 28111549, 28111549, 28111549, 28111549, 27763603, 27763603, 32955878, 28111549, 28111549, 28111549, 28111549, 28111549, 27763603, 27763603, 27763603, 27763603, 27763603, 27763603, 201432440, 42566404, 33480413, 28416676, 28416676, 192586264, 31063468, 28680303, 28680303, 28680303, 28501442, 28501442, 28421924, 28421924, 28421924, 28421924, 28421924, 28421924, 28421924, 28421924, 28421924, 28421924, 28421924, 28421924, 28421924, 28421924, 28421924, 28421924, 28421924, 28421924, 28421924, 28193277, 28193277, 28193277, 28193277, 28271816, 28271816, 28271816, 28271816, 28271816, 28271816, 28271816, 28107517, 28113789, 28113789, 27761139, 27761139, 27761139, 27761139, 27761139, 27761139, 27761139, 27761139, 27761139, 27764576, 27764576, 27764576, 27764576, 27764576, 27764576, 27764576, 27764576, 27764576, 27764576, 27764576, 27764576, 27764576, 27764576, 27764576, 27764576, 27764576, 27772768, 27684936, 27684936, 27684936, 27684936, 27684936, 27684936, 27684936, 27684936, 27684936, 27684936, 27684936, 27684936, 27684936, 27684936, 27684936, 27684936, 27684936, 27684936, 27684936, 27684936]",0,0,0,NPU,0,0,0,0,0,0,1.0,0
0,27,meta-llama/Llama-3.1-8B,34,158,2322894048,6257442100,3934548052,21571794,52322454,31562809,"[27276107, 27276107, 30496947, 27680552, 27680552, 30571684, 98149271, 28111549, 28111549, 28111549, 28111549, 28111549, 27763603, 27763603, 32955878, 28111549, 28111549, 28111549, 28111549, 28111549, 27763603, 27763603, 27763603, 27763603, 27763603, 27763603, 201432440, 42566404, 33480413, 28416676, 28416676, 192586264, 31063468, 28680303, 28680303, 28680303, 28501442, 28501442, 28421924, 28421924, 28421924, 28421924, 28421924, 28421924, 28421924, 28421924, 28421924, 28421924, 28421924, 28421924, 28421924, 28421924, 28421924, 28421924, 28421924, 28421924, 28421924, 28193277, 28193277, 28193277, 28193277, 28271816, 28271816, 28271816, 28271816, 28271816, 28271816, 28271816, 28107517, 28113789, 28113789, 27761139, 27761139, 27761139, 27761139, 27761139, 27761139, 27761139, 27761139, 27761139, 27764576, 27764576, 27764576, 27764576, 27764576, 27764576, 27764576, 27764576, 27764576, 27764576, 27764576, 27764576, 27764576, 27764576, 27764576, 27764576, 27764576, 27772768, 27684936, 27684936, 27684936, 27684936, 27684936, 27684936, 27684936, 27684936, 27684936, 27684936, 27684936, 27684936, 27684936, 27684936, 27684936, 27684936, 27684936, 27684936, 27684936, 27684936, 27512210, 27512210, 27512210, 27512210, 27512210]",0,0,0,NPU,0,0,0,0,0,0,1.0,0
0,21,meta-llama/Llama-3.1-8B,301,436,1933551206,6339277813,4405726607,17948769,88175905,32220527,"[118039990, 42935493, 27087701, 27087701, 28895258, 51474744, 27217844, 30750660, 27276107, 27276107, 30496947, 27680552, 27680552, 30571684, 98149271, 28111549, 28111549, 28111549, 28111549, 28111549, 27763603, 27763603, 32955878, 28111549, 28111549, 28111549, 28111549, 28111549, 27763603, 27763603, 27763603, 27763603, 27763603, 27763603, 201432440, 42566404, 33480413, 28416676, 28416676, 192586264, 31063468, 28680303, 28680303, 28680303, 28501442, 28501442, 28421924, 28421924, 28421924, 28421924, 28421924, 28421924, 28421924, 28421924, 28421924, 28421924, 28421924, 28421924, 28421924, 28421924, 28421924, 28421924, 28421924, 28421924, 28421924, 28193277, 28193277, 28193277, 28193277, 28271816, 28271816, 28271816, 28271816, 28271816, 28271816, 28271816, 28107517, 28113789, 28113789, 27761139, 27761139, 27761139, 27761139, 27761139, 27761139, 27761139, 27761139, 27761139, 27764576, 27764576, 27764576, 27764576, 27764576, 27764576, 27764576, 27764576, 27764576, 27764576, 27764576, 27764576, 27764576, 27764576, 27764576, 27764576, 27764576, 27772768, 27684936, 27684936, 27684936, 27684936, 27684936, 27684936, 27684936, 27684936, 27684936, 27684936, 27684936, 27684936, 27684936, 27684936, 27684936, 27684936, 27684936, 27684936, 27684936, 27684936, 27512210, 27512210, 27512210, 27512210, 27512210, 27278571, 27278571, 27278571]",0,0,0,NPU,0,0,0,0,0,0,1.0,0
0,10,meta-llama/Llama-3.1-8B,6,180,1029050004,6611601853,5582551849,14303751,42051489,32026013,"[25739209, 25739209, 25739209, 25739209, 25739209, 25739209, 25739209, 25739209, 25739209, 25739209, 25739209, 25739209, 28808393, 25775990, 25775990, 25775990, 25775990, 25775990, 25775990, 29496053, 27555059, 69716119, 96120552, 51255519, 32012146, 26674953, 26674953, 28558287, 70227136, 118039990, 42935493, 27087701, 27087701, 28895258, 51474744, 27217844, 30750660, 27276107, 27276107, 30496947, 27680552, 27680552, 30571684, 98149271, 28111549, 28111549, 28111549, 28111549, 28111549, 27763603, 27763603, 32955878, 28111549, 28111549, 28111549, 28111549, 28111549, 27763603, 27763603, 27763603, 27763603, 27763603, 27763603, 201432440, 42566404, 33480413, 28416676, 28416676, 192586264, 31063468, 28680303, 28680303, 28680303, 28501442, 28501442, 28421924, 28421924, 28421924, 28421924, 28421924, 28421924, 28421924, 28421924, 28421924, 28421924, 28421924, 28421924, 28421924, 28421924, 28421924, 28421924, 28421924, 28421924, 28421924, 28193277, 28193277, 28193277, 28193277, 28271816, 28271816, 28271816, 28271816, 28271816, 28271816, 28271816, 28107517, 28113789, 28113789, 27761139, 27761139, 27761139, 27761139, 27761139, 27761139, 27761139, 27761139, 27761139, 27764576, 27764576, 27764576, 27764576, 27764576, 27764576, 27764576, 27764576, 27764576, 27764576, 27764576, 27764576, 27764576, 27764576, 27764576, 27764576, 27764576, 27772768, 27684936, 27684936, 27684936, 27684936, 27684936, 27684936, 27684936, 27684936, 27684936, 27684936, 27684936, 27684936, 27684936, 27684936, 27684936, 27684936, 27684936, 27684936, 27684936, 27684936, 27512210, 27512210, 27512210, 27512210, 27512210, 27278571, 27278571, 27278571, 27232404, 27232404, 27232404, 27232404, 27232404, 27232404, 27232404, 27232404, 27232404, 27232404]",0,0,0,NPU,0,0,0,0,0,0,1.0,0
0,29,meta-llama/Llama-3.1-8B,16,153,2417400904,6692910652,4275509748,12367812,42864759,31122389,"[27680552, 27680552, 30571684, 98149271, 28111549, 28111549, 28111549, 28111549, 28111549, 27763603, 27763603, 32955878, 28111549, 28111549, 28111549, 28111549, 28111549, 27763603, 27763603, 27763603, 27763603, 27763603, 27763603, 201432440, 42566404, 33480413, 28416676, 28416676, 192586264, 31063468, 28680303, 28680303, 28680303, 28501442, 28501442, 28421924, 28421924, 28421924, 28421924, 28421924, 28421924, 28421924, 28421924, 28421924, 28421924, 28421924, 28421924, 28421924, 28421924, 28421924, 28421924, 28421924, 28421924, 28421924, 28193277, 28193277, 28193277, 28193277, 28271816, 28271816, 28271816, 28271816, 28271816, 28271816, 28271816, 28107517, 28113789, 28113789, 27761139, 27761139, 27761139, 27761139, 27761139, 27761139, 27761139, 27761139, 27761139, 27764576, 27764576, 27764576, 27764576, 27764576, 27764576, 27764576, 27764576, 27764576, 27764576, 27764576, 27764576, 27764576, 27764576, 27764576, 27764576, 27764576, 27772768, 27684936, 27684936, 27684936, 27684936, 27684936, 27684936, 27684936, 27684936, 27684936, 27684936, 27684936, 27684936, 27684936, 27684936, 27684936, 27684936, 27684936, 27684936, 27684936, 27684936, 27512210, 27512210, 27512210, 27512210, 27512210, 27278571, 27278571, 27278571, 27232404, 27232404, 27232404, 27232404, 27232404, 27232404, 27232404, 27232404, 27232404, 27232404, 27102933, 27102933, 27102933]",0,0,0,NPU,0,0,0,0,0,0,1.0,0
0,37,meta-llama/Llama-3.1-8B,43,156,3382628210,6747032096,3364403886,41898548,75378961,29366293,"[28416676, 28416676, 192586264, 31063468, 28680303, 28680303, 28680303, 28501442, 28501442, 28421924, 28421924, 28421924, 28421924, 28421924, 28421924, 28421924, 28421924, 28421924, 28421924, 28421924, 28421924, 28421924, 28421924, 28421924, 28421924, 28421924, 28421924, 28421924, 28193277, 28193277, 28193277, 28193277, 28271816, 28271816, 28271816, 28271816, 28271816, 28271816, 28271816, 28107517, 28113789, 28113789, 27761139, 27761139, 27761139, 27761139, 27761139, 27761139, 27761139, 27761139, 27761139, 27764576, 27764576, 27764576, 27764576, 27764576, 27764576, 27764576, 27764576, 27764576, 27764576, 27764576, 27764576, 27764576, 27764576, 27764576, 27764576, 27764576, 27772768, 27684936, 27684936, 27684936, 27684936, 27684936, 27684936, 27684936, 27684936, 27684936, 27684936, 27684936, 27684936, 27684936, 27684936, 27684936, 27684936, 27684936, 27684936, 27684936, 27684936, 27512210, 27512210, 27512210, 27512210, 27512210, 27278571, 27278571, 27278571, 27232404, 27232404, 27232404, 27232404, 27232404, 27232404, 27232404, 27232404, 27232404, 27232404, 27102933, 27102933, 27102933, 27060722, 27060722]",0,0,0,NPU,0,0,0,0,0,0,1.0,0
0,23,meta-llama/Llama-3.1-8B,107,259,2013730478,6827410832,4813680354,7996633,126036623,31043998,"[42935493, 27087701, 27087701, 28895258, 51474744, 27217844, 30750660, 27276107, 27276107, 30496947, 27680552, 27680552, 30571684, 98149271, 28111549, 28111549, 28111549, 28111549, 28111549, 27763603, 27763603, 32955878, 28111549, 28111549, 28111549, 28111549, 28111549, 27763603, 27763603, 27763603, 27763603, 27763603, 27763603, 201432440, 42566404, 33480413, 28416676, 28416676, 192586264, 31063468, 28680303, 28680303, 28680303, 28501442, 28501442, 28421924, 28421924, 28421924, 28421924, 28421924, 28421924, 28421924, 28421924, 28421924, 28421924, 28421924, 28421924, 28421924, 28421924, 28421924, 28421924, 28421924, 28421924, 28421924, 28193277, 28193277, 28193277, 28193277, 28271816, 28271816, 28271816, 28271816, 28271816, 28271816, 28271816, 28107517, 28113789, 28113789, 27761139, 27761139, 27761139, 27761139, 27761139, 27761139, 27761139, 27761139, 27761139, 27764576, 27764576, 27764576, 27764576, 27764576, 27764576, 27764576, 27764576, 27764576, 27764576, 27764576, 27764576, 27764576, 27764576, 27764576, 27764576, 27764576, 27772768, 27684936, 27684936, 27684936, 27684936, 27684936, 27684936, 27684936, 27684936, 27684936, 27684936, 27684936, 27684936, 27684936, 27684936, 27684936, 27684936, 27684936, 27684936, 27684936, 27684936, 27512210, 27512210, 27512210, 27512210, 27512210, 27278571, 27278571, 27278571, 27232404, 27232404, 27232404, 27232404, 27232404, 27232404, 27232404, 27232404, 27232404, 27232404, 27102933, 27102933, 27102933, 27060722, 27060722, 26859600, 26759568, 26759568]",0,0,0,NPU,0,0,0,0,0,0,1.0,0
0,31,meta-llama/Llama-3.1-8B,439,585,2529630331,7041223536,4511593205,16568120,114717391,30323281,"[28111549, 28111549, 28111549, 28111549, 28111549, 27763603, 27763603, 32955878, 28111549, 28111549, 28111549, 28111549, 28111549, 27763603, 27763603, 27763603, 27763603, 27763603, 27763603, 201432440, 42566404, 33480413, 28416676, 28416676, 192586264, 31063468, 28680303, 28680303, 28680303, 28501442, 28501442, 28421924, 28421924, 28421924, 28421924, 28421924, 28421924, 28421924, 28421924, 28421924, 28421924, 28421924, 28421924, 28421924, 28421924, 28421924, 28421924, 28421924, 28421924, 28421924, 28193277, 28193277, 28193277, 28193277, 28271816, 28271816, 28271816, 28271816, 28271816, 28271816, 28271816, 28107517, 28113789, 28113789, 27761139, 27761139, 27761139, 27761139, 27761139, 27761139, 27761139, 27761139, 27761139, 27764576, 27764576, 27764576, 27764576, 27764576, 27764576, 27764576, 27764576, 27764576, 27764576, 27764576, 27764576, 27764576, 27764576, 27764576, 27764576, 27764576, 27772768, 27684936, 27684936, 27684936, 27684936, 27684936, 27684936, 27684936, 27684936, 27684936, 27684936, 27684936, 27684936, 27684936, 27684936, 27684936, 27684936, 27684936, 27684936, 27684936, 27684936, 27512210, 27512210, 27512210, 27512210, 27512210, 27278571, 27278571, 27278571, 27232404, 27232404, 27232404, 27232404, 27232404, 27232404, 27232404, 27232404, 27232404, 27232404, 27102933, 27102933, 27102933, 27060722, 27060722, 26859600, 26759568, 26759568, 26726588, 26726588, 26726588, 26726588, 26726588, 26726588, 26726588, 26726588]",0,0,0,NPU,0,0,0,0,0,0,1.0,0
0,15,meta-llama/Llama-3.1-8B,270,457,1622246507,7575121016,5952874509,67957058,164077610,31122563,"[51255519, 32012146, 26674953, 26674953, 28558287, 70227136, 118039990, 42935493, 27087701, 27087701, 28895258, 51474744, 27217844, 30750660, 27276107, 27276107, 30496947, 27680552, 27680552, 30571684, 98149271, 28111549, 28111549, 28111549, 28111549, 28111549, 27763603, 27763603, 32955878, 28111549, 28111549, 28111549, 28111549, 28111549, 27763603, 27763603, 27763603, 27763603, 27763603, 27763603, 201432440, 42566404, 33480413, 28416676, 28416676, 192586264, 31063468, 28680303, 28680303, 28680303, 28501442, 28501442, 28421924, 28421924, 28421924, 28421924, 28421924, 28421924, 28421924, 28421924, 28421924, 28421924, 28421924, 28421924, 28421924, 28421924, 28421924, 28421924, 28421924, 28421924, 28421924, 28193277, 28193277, 28193277, 28193277, 28271816, 28271816, 28271816, 28271816, 28271816, 28271816, 28271816, 28107517, 28113789, 28113789, 27761139, 27761139, 27761139, 27761139, 27761139, 27761139, 27761139, 27761139, 27761139, 27764576, 27764576, 27764576, 27764576, 27764576, 27764576, 27764576, 27764576, 27764576, 27764576, 27764576, 27764576, 27764576, 27764576, 27764576, 27764576, 27764576, 27772768, 27684936, 27684936, 27684936, 27684936, 27684936, 27684936, 27684936, 27684936, 27684936, 27684936, 27684936, 27684936, 27684936, 27684936, 27684936, 27684936, 27684936, 27684936, 27684936, 27684936, 27512210, 27512210, 27512210, 27512210, 27512210, 27278571, 27278571, 27278571, 27232404, 27232404, 27232404, 27232404, 27232404, 27232404, 27232404, 27232404, 27232404, 27232404, 27102933, 27102933, 27102933, 27060722, 27060722, 26859600, 26759568, 26759568, 26726588, 26726588, 26726588, 26726588, 26726588, 26726588, 26726588, 26726588, 26694874, 26694874, 26694874, 26694874, 26694874, 26694874, 26694874, 26694874, 26694874, 26694874, 26694874, 26694874, 26694874, 26694874, 26694874, 26694874, 26694874, 26694874, 26694874, 26694874]",0,0,0,NPU,0,0,0,0,0,0,1.0,0
0,7,meta-llama/Llama-3.1-8B,50,269,811936853,7601736513,6789799660,23496447,52482671,30905123,"[25354128, 25354128, 27341947, 25221007, 25221007, 25221007, 25221007, 27747738, 25739209, 25739209, 25739209, 25739209, 25739209, 25739209, 25739209, 25739209, 25739209, 25739209, 25739209, 25739209, 28808393, 25775990, 25775990, 25775990, 25775990, 25775990, 25775990, 29496053, 27555059, 69716119, 96120552, 51255519, 32012146, 26674953, 26674953, 28558287, 70227136, 118039990, 42935493, 27087701, 27087701, 28895258, 51474744, 27217844, 30750660, 27276107, 27276107, 30496947, 27680552, 27680552, 30571684, 98149271, 28111549, 28111549, 28111549, 28111549, 28111549, 27763603, 27763603, 32955878, 28111549, 28111549, 28111549, 28111549, 28111549, 27763603, 27763603, 27763603, 27763603, 27763603, 27763603, 201432440, 42566404, 33480413, 28416676, 28416676, 192586264, 31063468, 28680303, 28680303, 28680303, 28501442, 28501442, 28421924, 28421924, 28421924, 28421924, 28421924, 28421924, 28421924, 28421924, 28421924, 28421924, 28421924, 28421924, 28421924, 28421924, 28421924, 28421924, 28421924, 28421924, 28421924, 28193277, 28193277, 28193277, 28193277, 28271816, 28271816, 28271816, 28271816, 28271816, 28271816, 28271816, 28107517, 28113789, 28113789, 27761139, 27761139, 27761139, 27761139, 27761139, 27761139, 27761139, 27761139, 27761139, 27764576, 27764576, 27764576, 27764576, 27764576, 27764576, 27764576, 27764576, 27764576, 27764576, 27764576, 27764576, 27764576, 27764576, 27764576, 27764576, 27764576, 27772768, 27684936, 27684936, 27684936, 27684936, 27684936, 27684936, 27684936, 27684936, 27684936, 27684936, 27684936, 27684936, 27684936, 27684936, 27684936, 27684936, 27684936, 27684936, 27684936, 27684936, 27512210, 27512210, 27512210, 27512210, 27512210, 27278571, 27278571, 27278571, 27232404, 27232404, 27232404, 27232404, 27232404, 27232404, 27232404, 27232404, 27232404, 27232404, 27102933, 27102933, 27102933, 27060722, 27060722, 26859600, 26759568, 26759568, 26726588, 26726588, 26726588, 26726588, 26726588, 26726588, 26726588, 26726588, 26694874, 26694874, 26694874, 26694874, 26694874, 26694874, 26694874, 26694874, 26694874, 26694874, 26694874, 26694874, 26694874, 26694874, 26694874, 26694874, 26694874, 26694874, 26694874, 26694874, 26615497]",0,0,0,NPU,0,0,0,0,0,0,1.0,0
0,9,meta-llama/Llama-3.1-8B,21,242,1026970074,7867263523,6840293449,16383681,44131419,30891645,"[25739209, 25739209, 25739209, 25739209, 25739209, 25739209, 25739209, 25739209, 25739209, 25739209, 25739209, 25739209, 28808393, 25775990, 25775990, 25775990, 25775990, 25775990, 25775990, 29496053, 27555059, 69716119, 96120552, 51255519, 32012146, 26674953, 26674953, 28558287, 70227136, 118039990, 42935493, 27087701, 27087701, 28895258, 51474744, 27217844, 30750660, 27276107, 27276107, 30496947, 27680552, 27680552, 30571684, 98149271, 28111549, 28111549, 28111549, 28111549, 28111549, 27763603, 27763603, 32955878, 28111549, 28111549, 28111549, 28111549, 28111549, 27763603, 27763603, 27763603, 27763603, 27763603, 27763603, 201432440, 42566404, 33480413, 28416676, 28416676, 192586264, 31063468, 28680303, 28680303, 28680303, 28501442, 28501442, 28421924, 28421924, 28421924, 28421924, 28421924, 28421924, 28421924, 28421924, 28421924, 28421924, 28421924, 28421924, 28421924, 28421924, 28421924, 28421924, 28421924, 28421924, 28421924, 28193277, 28193277, 28193277, 28193277, 28271816, 28271816, 28271816, 28271816, 28271816, 28271816, 28271816, 28107517, 28113789, 28113789, 27761139, 27761139, 27761139, 27761139, 27761139, 27761139, 27761139, 27761139, 27761139, 27764576, 27764576, 27764576, 27764576, 27764576, 27764576, 27764576, 27764576, 27764576, 27764576, 27764576, 27764576, 27764576, 27764576, 27764576, 27764576, 27764576, 27772768, 27684936, 27684936, 27684936, 27684936, 27684936, 27684936, 27684936, 27684936, 27684936, 27684936, 27684936, 27684936, 27684936, 27684936, 27684936, 27684936, 27684936, 27684936, 27684936, 27684936, 27512210, 27512210, 27512210, 27512210, 27512210, 27278571, 27278571, 27278571, 27232404, 27232404, 27232404, 27232404, 27232404, 27232404, 27232404, 27232404, 27232404, 27232404, 27102933, 27102933, 27102933, 27060722, 27060722, 26859600, 26759568, 26759568, 26726588, 26726588, 26726588, 26726588, 26726588, 26726588, 26726588, 26726588, 26694874, 26694874, 26694874, 26694874, 26694874, 26694874, 26694874, 26694874, 26694874, 26694874, 26694874, 26694874, 26694874, 26694874, 26694874, 26694874, 26694874, 26694874, 26694874, 26694874, 26615497, 26552701, 26552701, 26552701, 26552701, 26552701, 26552701, 26552701, 26552701, 26552701, 26552701]",0,0,0,NPU,0,0,0,0,0,0,1.0,0
0,32,meta-llama/Llama-3.1-8B,14,191,2536356724,7867263523,5330906799,9841727,107990998,29675657,"[28111549, 28111549, 28111549, 28111549, 28111549, 27763603, 27763603, 32955878, 28111549, 28111549, 28111549, 28111549, 28111549, 27763603, 27763603, 27763603, 27763603, 27763603, 27763603, 201432440, 42566404, 33480413, 28416676, 28416676, 192586264, 31063468, 28680303, 28680303, 28680303, 28501442, 28501442, 28421924, 28421924, 28421924, 28421924, 28421924, 28421924, 28421924, 28421924, 28421924, 28421924, 28421924, 28421924, 28421924, 28421924, 28421924, 28421924, 28421924, 28421924, 28421924, 28193277, 28193277, 28193277, 28193277, 28271816, 28271816, 28271816, 28271816, 28271816, 28271816, 28271816, 28107517, 28113789, 28113789, 27761139, 27761139, 27761139, 27761139, 27761139, 27761139, 27761139, 27761139, 27761139, 27764576, 27764576, 27764576, 27764576, 27764576, 27764576, 27764576, 27764576, 27764576, 27764576, 27764576, 27764576, 27764576, 27764576, 27764576, 27764576, 27764576, 27772768, 27684936, 27684936, 27684936, 27684936, 27684936, 27684936, 27684936, 27684936, 27684936, 27684936, 27684936, 27684936, 27684936, 27684936, 27684936, 27684936, 27684936, 27684936, 27684936, 27684936, 27512210, 27512210, 27512210, 27512210, 27512210, 27278571, 27278571, 27278571, 27232404, 27232404, 27232404, 27232404, 27232404, 27232404, 27232404, 27232404, 27232404, 27232404, 27102933, 27102933, 27102933, 27060722, 27060722, 26859600, 26759568, 26759568, 26726588, 26726588, 26726588, 26726588, 26726588, 26726588, 26726588, 26726588, 26694874, 26694874, 26694874, 26694874, 26694874, 26694874, 26694874, 26694874, 26694874, 26694874, 26694874, 26694874, 26694874, 26694874, 26694874, 26694874, 26694874, 26694874, 26694874, 26694874, 26615497, 26552701, 26552701, 26552701, 26552701, 26552701, 26552701, 26552701, 26552701, 26552701, 26552701]",0,0,0,NPU,0,0,0,0,0,0,1.0,0
0,39,meta-llama/Llama-3.1-8B,10,179,3555912370,8340440629,4784528259,151514417,182577885,27392561,"[28680303, 28680303, 28680303, 28501442, 28501442, 28421924, 28421924, 28421924, 28421924, 28421924, 28421924, 28421924, 28421924, 28421924, 28421924, 28421924, 28421924, 28421924, 28421924, 28421924, 28421924, 28421924, 28421924, 28421924, 28193277, 28193277, 28193277, 28193277, 28271816, 28271816, 28271816, 28271816, 28271816, 28271816, 28271816, 28107517, 28113789, 28113789, 27761139, 27761139, 27761139, 27761139, 27761139, 27761139, 27761139, 27761139, 27761139, 27764576, 27764576, 27764576, 27764576, 27764576, 27764576, 27764576, 27764576, 27764576, 27764576, 27764576, 27764576, 27764576, 27764576, 27764576, 27764576, 27764576, 27772768, 27684936, 27684936, 27684936, 27684936, 27684936, 27684936, 27684936, 27684936, 27684936, 27684936, 27684936, 27684936, 27684936, 27684936, 27684936, 27684936, 27684936, 27684936, 27684936, 27684936, 27512210, 27512210, 27512210, 27512210, 27512210, 27278571, 27278571, 27278571, 27232404, 27232404, 27232404, 27232404, 27232404, 27232404, 27232404, 27232404, 27232404, 27232404, 27102933, 27102933, 27102933, 27060722, 27060722, 26859600, 26759568, 26759568, 26726588, 26726588, 26726588, 26726588, 26726588, 26726588, 26726588, 26726588, 26694874, 26694874, 26694874, 26694874, 26694874, 26694874, 26694874, 26694874, 26694874, 26694874, 26694874, 26694874, 26694874, 26694874, 26694874, 26694874, 26694874, 26694874, 26694874, 26694874, 26615497, 26552701, 26552701, 26552701, 26552701, 26552701, 26552701, 26552701, 26552701, 26552701, 26552701, 26287617, 26287617, 26287617, 26287617, 26287617, 26287617, 26287617, 26287617, 26287617, 26287617, 26287617, 26287617, 26287617, 26287617, 26287617, 26287617, 26287617, 26287617]",0,0,0,NPU,0,0,0,0,0,0,1.0,0
0,20,meta-llama/Llama-3.1-8B,12,234,1918527754,8632328280,6713800526,4413934,32972221,30229992,"[70227136, 118039990, 42935493, 27087701, 27087701, 28895258, 51474744, 27217844, 30750660, 27276107, 27276107, 30496947, 27680552, 27680552, 30571684, 98149271, 28111549, 28111549, 28111549, 28111549, 28111549, 27763603, 27763603, 32955878, 28111549, 28111549, 28111549, 28111549, 28111549, 27763603, 27763603, 27763603, 27763603, 27763603, 27763603, 201432440, 42566404, 33480413, 28416676, 28416676, 192586264, 31063468, 28680303, 28680303, 28680303, 28501442, 28501442, 28421924, 28421924, 28421924, 28421924, 28421924, 28421924, 28421924, 28421924, 28421924, 28421924, 28421924, 28421924, 28421924, 28421924, 28421924, 28421924, 28421924, 28421924, 28421924, 28193277, 28193277, 28193277, 28193277, 28271816, 28271816, 28271816, 28271816, 28271816, 28271816, 28271816, 28107517, 28113789, 28113789, 27761139, 27761139, 27761139, 27761139, 27761139, 27761139, 27761139, 27761139, 27761139, 27764576, 27764576, 27764576, 27764576, 27764576, 27764576, 27764576, 27764576, 27764576, 27764576, 27764576, 27764576, 27764576, 27764576, 27764576, 27764576, 27764576, 27772768, 27684936, 27684936, 27684936, 27684936, 27684936, 27684936, 27684936, 27684936, 27684936, 27684936, 27684936, 27684936, 27684936, 27684936, 27684936, 27684936, 27684936, 27684936, 27684936, 27684936, 27512210, 27512210, 27512210, 27512210, 27512210, 27278571, 27278571, 27278571, 27232404, 27232404, 27232404, 27232404, 27232404, 27232404, 27232404, 27232404, 27232404, 27232404, 27102933, 27102933, 27102933, 27060722, 27060722, 26859600, 26759568, 26759568, 26726588, 26726588, 26726588, 26726588, 26726588, 26726588, 26726588, 26726588, 26694874, 26694874, 26694874, 26694874, 26694874, 26694874, 26694874, 26694874, 26694874, 26694874, 26694874, 26694874, 26694874, 26694874, 26694874, 26694874, 26694874, 26694874, 26694874, 26694874, 26615497, 26552701, 26552701, 26552701, 26552701, 26552701, 26552701, 26552701, 26552701, 26552701, 26552701, 26287617, 26287617, 26287617, 26287617, 26287617, 26287617, 26287617, 26287617, 26287617, 26287617, 26287617, 26287617, 26287617, 26287617, 26287617, 26287617, 26287617, 26287617, 26535241, 26535241, 26535241, 26535241, 26535241, 26535241, 26535241, 26535241, 26535241, 26535241, 26535241]",0,0,0,NPU,0,0,0,0,0,0,1.0,0
0,13,meta-llama/Llama-3.1-8B,11,263,1581917467,9234094852,7652177385,11014920,38569979,30333097,"[69716119, 96120552, 51255519, 32012146, 26674953, 26674953, 28558287, 70227136, 118039990, 42935493, 27087701, 27087701, 28895258, 51474744, 27217844, 30750660, 27276107, 27276107, 30496947, 27680552, 27680552, 30571684, 98149271, 28111549, 28111549, 28111549, 28111549, 28111549, 27763603, 27763603, 32955878, 28111549, 28111549, 28111549, 28111549, 28111549, 27763603, 27763603, 27763603, 27763603, 27763603, 27763603, 201432440, 42566404, 33480413, 28416676, 28416676, 192586264, 31063468, 28680303, 28680303, 28680303, 28501442, 28501442, 28421924, 28421924, 28421924, 28421924, 28421924, 28421924, 28421924, 28421924, 28421924, 28421924, 28421924, 28421924, 28421924, 28421924, 28421924, 28421924, 28421924, 28421924, 28421924, 28193277, 28193277, 28193277, 28193277, 28271816, 28271816, 28271816, 28271816, 28271816, 28271816, 28271816, 28107517, 28113789, 28113789, 27761139, 27761139, 27761139, 27761139, 27761139, 27761139, 27761139, 27761139, 27761139, 27764576, 27764576, 27764576, 27764576, 27764576, 27764576, 27764576, 27764576, 27764576, 27764576, 27764576, 27764576, 27764576, 27764576, 27764576, 27764576, 27764576, 27772768, 27684936, 27684936, 27684936, 27684936, 27684936, 27684936, 27684936, 27684936, 27684936, 27684936, 27684936, 27684936, 27684936, 27684936, 27684936, 27684936, 27684936, 27684936, 27684936, 27684936, 27512210, 27512210, 27512210, 27512210, 27512210, 27278571, 27278571, 27278571, 27232404, 27232404, 27232404, 27232404, 27232404, 27232404, 27232404, 27232404, 27232404, 27232404, 27102933, 27102933, 27102933, 27060722, 27060722, 26859600, 26759568, 26759568, 26726588, 26726588, 26726588, 26726588, 26726588, 26726588, 26726588, 26726588, 26694874, 26694874, 26694874, 26694874, 26694874, 26694874, 26694874, 26694874, 26694874, 26694874, 26694874, 26694874, 26694874, 26694874, 26694874, 26694874, 26694874, 26694874, 26694874, 26694874, 26615497, 26552701, 26552701, 26552701, 26552701, 26552701, 26552701, 26552701, 26552701, 26552701, 26552701, 26287617, 26287617, 26287617, 26287617, 26287617, 26287617, 26287617, 26287617, 26287617, 26287617, 26287617, 26287617, 26287617, 26287617, 26287617, 26287617, 26287617, 26287617, 26535241, 26535241, 26535241, 26535241, 26535241, 26535241, 26535241, 26535241, 26535241, 26535241, 26535241, 26163764, 26163764, 26163764, 26163764, 26163764, 26163764, 26163764, 26163764, 26163764, 26163764, 26163764, 26163764, 26163764, 26163764, 26163764, 26163764, 26163764, 26163764, 26163764, 26163764, 26163764, 26163764, 26163764]",0,0,0,NPU,0,0,0,0,0,0,1.0,0
0,5,meta-llama/Llama-3.1-8B,8,316,604829891,9793482394,9188652503,78118720,105294414,29587485,"[25061799, 25061799, 25061799, 25061799, 25061799, 28986224, 25354128, 25354128, 27341947, 25221007, 25221007, 25221007, 25221007, 27747738, 25739209, 25739209, 25739209, 25739209, 25739209, 25739209, 25739209, 25739209, 25739209, 25739209, 25739209, 25739209, 28808393, 25775990, 25775990, 25775990, 25775990, 25775990, 25775990, 29496053, 27555059, 69716119, 96120552, 51255519, 32012146, 26674953, 26674953, 28558287, 70227136, 118039990, 42935493, 27087701, 27087701, 28895258, 51474744, 27217844, 30750660, 27276107, 27276107, 30496947, 27680552, 27680552, 30571684, 98149271, 28111549, 28111549, 28111549, 28111549, 28111549, 27763603, 27763603, 32955878, 28111549, 28111549, 28111549, 28111549, 28111549, 27763603, 27763603, 27763603, 27763603, 27763603, 27763603, 201432440, 42566404, 33480413, 28416676, 28416676, 192586264, 31063468, 28680303, 28680303, 28680303, 28501442, 28501442, 28421924, 28421924, 28421924, 28421924, 28421924, 28421924, 28421924, 28421924, 28421924, 28421924, 28421924, 28421924, 28421924, 28421924, 28421924, 28421924, 28421924, 28421924, 28421924, 28193277, 28193277, 28193277, 28193277, 28271816, 28271816, 28271816, 28271816, 28271816, 28271816, 28271816, 28107517, 28113789, 28113789, 27761139, 27761139, 27761139, 27761139, 27761139, 27761139, 27761139, 27761139, 27761139, 27764576, 27764576, 27764576, 27764576, 27764576, 27764576, 27764576, 27764576, 27764576, 27764576, 27764576, 27764576, 27764576, 27764576, 27764576, 27764576, 27764576, 27772768, 27684936, 27684936, 27684936, 27684936, 27684936, 27684936, 27684936, 27684936, 27684936, 27684936, 27684936, 27684936, 27684936, 27684936, 27684936, 27684936, 27684936, 27684936, 27684936, 27684936, 27512210, 27512210, 27512210, 27512210, 27512210, 27278571, 27278571, 27278571, 27232404, 27232404, 27232404, 27232404, 27232404, 27232404, 27232404, 27232404, 27232404, 27232404, 27102933, 27102933, 27102933, 27060722, 27060722, 26859600, 26759568, 26759568, 26726588, 26726588, 26726588, 26726588, 26726588, 26726588, 26726588, 26726588, 26694874, 26694874, 26694874, 26694874, 26694874, 26694874, 26694874, 26694874, 26694874, 26694874, 26694874, 26694874, 26694874, 26694874, 26694874, 26694874, 26694874, 26694874, 26694874, 26694874, 26615497, 26552701, 26552701, 26552701, 26552701, 26552701, 26552701, 26552701, 26552701, 26552701, 26552701, 26287617, 26287617, 26287617, 26287617, 26287617, 26287617, 26287617, 26287617, 26287617, 26287617, 26287617, 26287617, 26287617, 26287617, 26287617, 26287617, 26287617, 26287617, 26535241, 26535241, 26535241, 26535241, 26535241, 26535241, 26535241, 26535241, 26535241, 26535241, 26535241, 26163764, 26163764, 26163764, 26163764, 26163764, 26163764, 26163764, 26163764, 26163764, 26163764, 26163764, 26163764, 26163764, 26163764, 26163764, 26163764, 26163764, 26163764, 26163764, 26163764, 26163764, 26163764, 26163764, 26637502, 26637502, 26637502, 26637502, 26637502, 26637502, 26637502, 26637502, 26637502, 26637502, 26637502, 26637502, 26637502, 26637502, 26637502, 26637502, 26637502, 26637502, 26637502, 26637502, 26637502]",0,0,0,NPU,0,0,0,0,0,0,1.0,0
0,33,meta-llama/Llama-3.1-8B,34,278,2833725503,9846131334,7012405831,6707170,39663048,28694414,"[28111549, 28111549, 28111549, 28111549, 28111549, 27763603, 27763603, 27763603, 27763603, 27763603, 27763603, 201432440, 42566404, 33480413, 28416676, 28416676, 192586264, 31063468, 28680303, 28680303, 28680303, 28501442, 28501442, 28421924, 28421924, 28421924, 28421924, 28421924, 28421924, 28421924, 28421924, 28421924, 28421924, 28421924, 28421924, 28421924, 28421924, 28421924, 28421924, 28421924, 28421924, 28421924, 28193277, 28193277, 28193277, 28193277, 28271816, 28271816, 28271816, 28271816, 28271816, 28271816, 28271816, 28107517, 28113789, 28113789, 27761139, 27761139, 27761139, 27761139, 27761139, 27761139, 27761139, 27761139, 27761139, 27764576, 27764576, 27764576, 27764576, 27764576, 27764576, 27764576, 27764576, 27764576, 27764576, 27764576, 27764576, 27764576, 27764576, 27764576, 27764576, 27764576, 27772768, 27684936, 27684936, 27684936, 27684936, 27684936, 27684936, 27684936, 27684936, 27684936, 27684936, 27684936, 27684936, 27684936, 27684936, 27684936, 27684936, 27684936, 27684936, 27684936, 27684936, 27512210, 27512210, 27512210, 27512210, 27512210, 27278571, 27278571, 27278571, 27232404, 27232404, 27232404, 27232404, 27232404, 27232404, 27232404, 27232404, 27232404, 27232404, 27102933, 27102933, 27102933, 27060722, 27060722, 26859600, 26759568, 26759568, 26726588, 26726588, 26726588, 26726588, 26726588, 26726588, 26726588, 26726588, 26694874, 26694874, 26694874, 26694874, 26694874, 26694874, 26694874, 26694874, 26694874, 26694874, 26694874, 26694874, 26694874, 26694874, 26694874, 26694874, 26694874, 26694874, 26694874, 26694874, 26615497, 26552701, 26552701, 26552701, 26552701, 26552701, 26552701, 26552701, 26552701, 26552701, 26552701, 26287617, 26287617, 26287617, 26287617, 26287617, 26287617, 26287617, 26287617, 26287617, 26287617, 26287617, 26287617, 26287617, 26287617, 26287617, 26287617, 26287617, 26287617, 26535241, 26535241, 26535241, 26535241, 26535241, 26535241, 26535241, 26535241, 26535241, 26535241, 26535241, 26163764, 26163764, 26163764, 26163764, 26163764, 26163764, 26163764, 26163764, 26163764, 26163764, 26163764, 26163764, 26163764, 26163764, 26163764, 26163764, 26163764, 26163764, 26163764, 26163764, 26163764, 26163764, 26163764, 26637502, 26637502, 26637502, 26637502, 26637502, 26637502, 26637502, 26637502, 26637502, 26637502, 26637502, 26637502, 26637502, 26637502, 26637502, 26637502, 26637502, 26637502, 26637502, 26637502, 26637502, 26324470, 26324470]",0,0,0,NPU,0,0,0,0,0,0,1.0,0
0,16,meta-llama/Llama-3.1-8B,219,500,1658521879,10057655606,8399133727,31681686,127802238,29540469,"[51255519, 32012146, 26674953, 26674953, 28558287, 70227136, 118039990, 42935493, 27087701, 27087701, 28895258, 51474744, 27217844, 30750660, 27276107, 27276107, 30496947, 27680552, 27680552, 30571684, 98149271, 28111549, 28111549, 28111549, 28111549, 28111549, 27763603, 27763603, 32955878, 28111549, 28111549, 28111549, 28111549, 28111549, 27763603, 27763603, 27763603, 27763603, 27763603, 27763603, 201432440, 42566404, 33480413, 28416676, 28416676, 192586264, 31063468, 28680303, 28680303, 28680303, 28501442, 28501442, 28421924, 28421924, 28421924, 28421924, 28421924, 28421924, 28421924, 28421924, 28421924, 28421924, 28421924, 28421924, 28421924, 28421924, 28421924, 28421924, 28421924, 28421924, 28421924, 28193277, 28193277, 28193277, 28193277, 28271816, 28271816, 28271816, 28271816, 28271816, 28271816, 28271816, 28107517, 28113789, 28113789, 27761139, 27761139, 27761139, 27761139, 27761139, 27761139, 27761139, 27761139, 27761139, 27764576, 27764576, 27764576, 27764576, 27764576, 27764576, 27764576, 27764576, 27764576, 27764576, 27764576, 27764576, 27764576, 27764576, 27764576, 27764576, 27764576, 27772768, 27684936, 27684936, 27684936, 27684936, 27684936, 27684936, 27684936, 27684936, 27684936, 27684936, 27684936, 27684936, 27684936, 27684936, 27684936, 27684936, 27684936, 27684936, 27684936, 27684936, 27512210, 27512210, 27512210, 27512210, 27512210, 27278571, 27278571, 27278571, 27232404, 27232404, 27232404, 27232404, 27232404, 27232404, 27232404, 27232404, 27232404, 27232404, 27102933, 27102933, 27102933, 27060722, 27060722, 26859600, 26759568, 26759568, 26726588, 26726588, 26726588, 26726588, 26726588, 26726588, 26726588, 26726588, 26694874, 26694874, 26694874, 26694874, 26694874, 26694874, 26694874, 26694874, 26694874, 26694874, 26694874, 26694874, 26694874, 26694874, 26694874, 26694874, 26694874, 26694874, 26694874, 26694874, 26615497, 26552701, 26552701, 26552701, 26552701, 26552701, 26552701, 26552701, 26552701, 26552701, 26552701, 26287617, 26287617, 26287617, 26287617, 26287617, 26287617, 26287617, 26287617, 26287617, 26287617, 26287617, 26287617, 26287617, 26287617, 26287617, 26287617, 26287617, 26287617, 26535241, 26535241, 26535241, 26535241, 26535241, 26535241, 26535241, 26535241, 26535241, 26535241, 26535241, 26163764, 26163764, 26163764, 26163764, 26163764, 26163764, 26163764, 26163764, 26163764, 26163764, 26163764, 26163764, 26163764, 26163764, 26163764, 26163764, 26163764, 26163764, 26163764, 26163764, 26163764, 26163764, 26163764, 26637502, 26637502, 26637502, 26637502, 26637502, 26637502, 26637502, 26637502, 26637502, 26637502, 26637502, 26637502, 26637502, 26637502, 26637502, 26637502, 26637502, 26637502, 26637502, 26637502, 26637502, 26324470, 26324470, 26475094, 26475094, 26475094, 26475094, 26405974, 26405974, 26405974, 26405974]",0,0,0,NPU,0,0,0,0,0,0,1.0,0
0,38,meta-llama/Llama-3.1-8B,969,1204,3497903286,10057655606,6559752320,16937237,209523501,27137729,"[31063468, 28680303, 28680303, 28680303, 28501442, 28501442, 28421924, 28421924, 28421924, 28421924, 28421924, 28421924, 28421924, 28421924, 28421924, 28421924, 28421924, 28421924, 28421924, 28421924, 28421924, 28421924, 28421924, 28421924, 28421924, 28193277, 28193277, 28193277, 28193277, 28271816, 28271816, 28271816, 28271816, 28271816, 28271816, 28271816, 28107517, 28113789, 28113789, 27761139, 27761139, 27761139, 27761139, 27761139, 27761139, 27761139, 27761139, 27761139, 27764576, 27764576, 27764576, 27764576, 27764576, 27764576, 27764576, 27764576, 27764576, 27764576, 27764576, 27764576, 27764576, 27764576, 27764576, 27764576, 27764576, 27772768, 27684936, 27684936, 27684936, 27684936, 27684936, 27684936, 27684936, 27684936, 27684936, 27684936, 27684936, 27684936, 27684936, 27684936, 27684936, 27684936, 27684936, 27684936, 27684936, 27684936, 27512210, 27512210, 27512210, 27512210, 27512210, 27278571, 27278571, 27278571, 27232404, 27232404, 27232404, 27232404, 27232404, 27232404, 27232404, 27232404, 27232404, 27232404, 27102933, 27102933, 27102933, 27060722, 27060722, 26859600, 26759568, 26759568, 26726588, 26726588, 26726588, 26726588, 26726588, 26726588, 26726588, 26726588, 26694874, 26694874, 26694874, 26694874, 26694874, 26694874, 26694874, 26694874, 26694874, 26694874, 26694874, 26694874, 26694874, 26694874, 26694874, 26694874, 26694874, 26694874, 26694874, 26694874, 26615497, 26552701, 26552701, 26552701, 26552701, 26552701, 26552701, 26552701, 26552701, 26552701, 26552701, 26287617, 26287617, 26287617, 26287617, 26287617, 26287617, 26287617, 26287617, 26287617, 26287617, 26287617, 26287617, 26287617, 26287617, 26287617, 26287617, 26287617, 26287617, 26535241, 26535241, 26535241, 26535241, 26535241, 26535241, 26535241, 26535241, 26535241, 26535241, 26535241, 26163764, 26163764, 26163764, 26163764, 26163764, 26163764, 26163764, 26163764, 26163764, 26163764, 26163764, 26163764, 26163764, 26163764, 26163764, 26163764, 26163764, 26163764, 26163764, 26163764, 26163764, 26163764, 26163764, 26637502, 26637502, 26637502, 26637502, 26637502, 26637502, 26637502, 26637502, 26637502, 26637502, 26637502, 26637502, 26637502, 26637502, 26637502, 26637502, 26637502, 26637502, 26637502, 26637502, 26637502, 26324470, 26324470, 26475094, 26475094, 26475094, 26475094, 26405974, 26405974, 26405974, 26405974]",0,0,0,NPU,0,0,0,0,0,0,1.0,0
0,4,meta-llama/Llama-3.1-8B,412,733,587870262,10109905918,9522035656,1392841,95078349,29459241,"[27175694, 25061799, 25061799, 25061799, 25061799, 25061799, 28986224, 25354128, 25354128, 27341947, 25221007, 25221007, 25221007, 25221007, 27747738, 25739209, 25739209, 25739209, 25739209, 25739209, 25739209, 25739209, 25739209, 25739209, 25739209, 25739209, 25739209, 28808393, 25775990, 25775990, 25775990, 25775990, 25775990, 25775990, 29496053, 27555059, 69716119, 96120552, 51255519, 32012146, 26674953, 26674953, 28558287, 70227136, 118039990, 42935493, 27087701, 27087701, 28895258, 51474744, 27217844, 30750660, 27276107, 27276107, 30496947, 27680552, 27680552, 30571684, 98149271, 28111549, 28111549, 28111549, 28111549, 28111549, 27763603, 27763603, 32955878, 28111549, 28111549, 28111549, 28111549, 28111549, 27763603, 27763603, 27763603, 27763603, 27763603, 27763603, 201432440, 42566404, 33480413, 28416676, 28416676, 192586264, 31063468, 28680303, 28680303, 28680303, 28501442, 28501442, 28421924, 28421924, 28421924, 28421924, 28421924, 28421924, 28421924, 28421924, 28421924, 28421924, 28421924, 28421924, 28421924, 28421924, 28421924, 28421924, 28421924, 28421924, 28421924, 28193277, 28193277, 28193277, 28193277, 28271816, 28271816, 28271816, 28271816, 28271816, 28271816, 28271816, 28107517, 28113789, 28113789, 27761139, 27761139, 27761139, 27761139, 27761139, 27761139, 27761139, 27761139, 27761139, 27764576, 27764576, 27764576, 27764576, 27764576, 27764576, 27764576, 27764576, 27764576, 27764576, 27764576, 27764576, 27764576, 27764576, 27764576, 27764576, 27764576, 27772768, 27684936, 27684936, 27684936, 27684936, 27684936, 27684936, 27684936, 27684936, 27684936, 27684936, 27684936, 27684936, 27684936, 27684936, 27684936, 27684936, 27684936, 27684936, 27684936, 27684936, 27512210, 27512210, 27512210, 27512210, 27512210, 27278571, 27278571, 27278571, 27232404, 27232404, 27232404, 27232404, 27232404, 27232404, 27232404, 27232404, 27232404, 27232404, 27102933, 27102933, 27102933, 27060722, 27060722, 26859600, 26759568, 26759568, 26726588, 26726588, 26726588, 26726588, 26726588, 26726588, 26726588, 26726588, 26694874, 26694874, 26694874, 26694874, 26694874, 26694874, 26694874, 26694874, 26694874, 26694874, 26694874, 26694874, 26694874, 26694874, 26694874, 26694874, 26694874, 26694874, 26694874, 26694874, 26615497, 26552701, 26552701, 26552701, 26552701, 26552701, 26552701, 26552701, 26552701, 26552701, 26552701, 26287617, 26287617, 26287617, 26287617, 26287617, 26287617, 26287617, 26287617, 26287617, 26287617, 26287617, 26287617, 26287617, 26287617, 26287617, 26287617, 26287617, 26287617, 26535241, 26535241, 26535241, 26535241, 26535241, 26535241, 26535241, 26535241, 26535241, 26535241, 26535241, 26163764, 26163764, 26163764, 26163764, 26163764, 26163764, 26163764, 26163764, 26163764, 26163764, 26163764, 26163764, 26163764, 26163764, 26163764, 26163764, 26163764, 26163764, 26163764, 26163764, 26163764, 26163764, 26163764, 26637502, 26637502, 26637502, 26637502, 26637502, 26637502, 26637502, 26637502, 26637502, 26637502, 26637502, 26637502, 26637502, 26637502, 26637502, 26637502, 26637502, 26637502, 26637502, 26637502, 26637502, 26324470, 26324470, 26475094, 26475094, 26475094, 26475094, 26405974, 26405974, 26405974, 26405974, 26125156, 26125156]",0,0,0,NPU,0,0,0,0,0,0,1.0,0
0,22,meta-llama/Llama-3.1-8B,503,835,1968102757,11556548614,9588445857,53624354,171664344,28449490,"[42935493, 27087701, 27087701, 28895258, 51474744, 27217844, 30750660, 27276107, 27276107, 30496947, 27680552, 27680552, 30571684, 98149271, 28111549, 28111549, 28111549, 28111549, 28111549, 27763603, 27763603, 32955878, 28111549, 28111549, 28111549, 28111549, 28111549, 27763603, 27763603, 27763603, 27763603, 27763603, 27763603, 201432440, 42566404, 33480413, 28416676, 28416676, 192586264, 31063468, 28680303, 28680303, 28680303, 28501442, 28501442, 28421924, 28421924, 28421924, 28421924, 28421924, 28421924, 28421924, 28421924, 28421924, 28421924, 28421924, 28421924, 28421924, 28421924, 28421924, 28421924, 28421924, 28421924, 28421924, 28193277, 28193277, 28193277, 28193277, 28271816, 28271816, 28271816, 28271816, 28271816, 28271816, 28271816, 28107517, 28113789, 28113789, 27761139, 27761139, 27761139, 27761139, 27761139, 27761139, 27761139, 27761139, 27761139, 27764576, 27764576, 27764576, 27764576, 27764576, 27764576, 27764576, 27764576, 27764576, 27764576, 27764576, 27764576, 27764576, 27764576, 27764576, 27764576, 27764576, 27772768, 27684936, 27684936, 27684936, 27684936, 27684936, 27684936, 27684936, 27684936, 27684936, 27684936, 27684936, 27684936, 27684936, 27684936, 27684936, 27684936, 27684936, 27684936, 27684936, 27684936, 27512210, 27512210, 27512210, 27512210, 27512210, 27278571, 27278571, 27278571, 27232404, 27232404, 27232404, 27232404, 27232404, 27232404, 27232404, 27232404, 27232404, 27232404, 27102933, 27102933, 27102933, 27060722, 27060722, 26859600, 26759568, 26759568, 26726588, 26726588, 26726588, 26726588, 26726588, 26726588, 26726588, 26726588, 26694874, 26694874, 26694874, 26694874, 26694874, 26694874, 26694874, 26694874, 26694874, 26694874, 26694874, 26694874, 26694874, 26694874, 26694874, 26694874, 26694874, 26694874, 26694874, 26694874, 26615497, 26552701, 26552701, 26552701, 26552701, 26552701, 26552701, 26552701, 26552701, 26552701, 26552701, 26287617, 26287617, 26287617, 26287617, 26287617, 26287617, 26287617, 26287617, 26287617, 26287617, 26287617, 26287617, 26287617, 26287617, 26287617, 26287617, 26287617, 26287617, 26535241, 26535241, 26535241, 26535241, 26535241, 26535241, 26535241, 26535241, 26535241, 26535241, 26535241, 26163764, 26163764, 26163764, 26163764, 26163764, 26163764, 26163764, 26163764, 26163764, 26163764, 26163764, 26163764, 26163764, 26163764, 26163764, 26163764, 26163764, 26163764, 26163764, 26163764, 26163764, 26163764, 26163764, 26637502, 26637502, 26637502, 26637502, 26637502, 26637502, 26637502, 26637502, 26637502, 26637502, 26637502, 26637502, 26637502, 26637502, 26637502, 26637502, 26637502, 26637502, 26637502, 26637502, 26637502, 26324470, 26324470, 26475094, 26475094, 26475094, 26475094, 26405974, 26405974, 26405974, 26405974, 26125156, 26125156, 25820655, 25820655, 25820655, 25820655, 25820655, 25820655, 25820655, 25820655, 25820655, 25820655, 25820655, 25820655, 25820655, 25820655, 25820655, 25820655, 25820655, 25820655, 25820655, 25820655, 25820655, 25820655, 25820655, 25820655, 25820655, 25820655, 25820655, 25820655, 25820655, 25846063, 25846063, 25846063, 25846063, 25846063, 25846063, 25846063, 25846063, 25846063, 25846063, 25846063, 25846063, 25846063, 25846063, 25846063, 25846063, 25846063, 25846063, 25846063, 25846063, 25846063, 25846063, 25846063, 25846063, 25846063, 25846063, 25846063]",0,0,0,NPU,0,0,0,0,0,0,1.0,0
0,14,meta-llama/Llama-3.1-8B,299,648,1601985365,11789795062,10187809697,18502081,88218200,29021814,"[96120552, 51255519, 32012146, 26674953, 26674953, 28558287, 70227136, 118039990, 42935493, 27087701, 27087701, 28895258, 51474744, 27217844, 30750660, 27276107, 27276107, 30496947, 27680552, 27680552, 30571684, 98149271, 28111549, 28111549, 28111549, 28111549, 28111549, 27763603, 27763603, 32955878, 28111549, 28111549, 28111549, 28111549, 28111549, 27763603, 27763603, 27763603, 27763603, 27763603, 27763603, 201432440, 42566404, 33480413, 28416676, 28416676, 192586264, 31063468, 28680303, 28680303, 28680303, 28501442, 28501442, 28421924, 28421924, 28421924, 28421924, 28421924, 28421924, 28421924, 28421924, 28421924, 28421924, 28421924, 28421924, 28421924, 28421924, 28421924, 28421924, 28421924, 28421924, 28421924, 28193277, 28193277, 28193277, 28193277, 28271816, 28271816, 28271816, 28271816, 28271816, 28271816, 28271816, 28107517, 28113789, 28113789, 27761139, 27761139, 27761139, 27761139, 27761139, 27761139, 27761139, 27761139, 27761139, 27764576, 27764576, 27764576, 27764576, 27764576, 27764576, 27764576, 27764576, 27764576, 27764576, 27764576, 27764576, 27764576, 27764576, 27764576, 27764576, 27764576, 27772768, 27684936, 27684936, 27684936, 27684936, 27684936, 27684936, 27684936, 27684936, 27684936, 27684936, 27684936, 27684936, 27684936, 27684936, 27684936, 27684936, 27684936, 27684936, 27684936, 27684936, 27512210, 27512210, 27512210, 27512210, 27512210, 27278571, 27278571, 27278571, 27232404, 27232404, 27232404, 27232404, 27232404, 27232404, 27232404, 27232404, 27232404, 27232404, 27102933, 27102933, 27102933, 27060722, 27060722, 26859600, 26759568, 26759568, 26726588, 26726588, 26726588, 26726588, 26726588, 26726588, 26726588, 26726588, 26694874, 26694874, 26694874, 26694874, 26694874, 26694874, 26694874, 26694874, 26694874, 26694874, 26694874, 26694874, 26694874, 26694874, 26694874, 26694874, 26694874, 26694874, 26694874, 26694874, 26615497, 26552701, 26552701, 26552701, 26552701, 26552701, 26552701, 26552701, 26552701, 26552701, 26552701, 26287617, 26287617, 26287617, 26287617, 26287617, 26287617, 26287617, 26287617, 26287617, 26287617, 26287617, 26287617, 26287617, 26287617, 26287617, 26287617, 26287617, 26287617, 26535241, 26535241, 26535241, 26535241, 26535241, 26535241, 26535241, 26535241, 26535241, 26535241, 26535241, 26163764, 26163764, 26163764, 26163764, 26163764, 26163764, 26163764, 26163764, 26163764, 26163764, 26163764, 26163764, 26163764, 26163764, 26163764, 26163764, 26163764, 26163764, 26163764, 26163764, 26163764, 26163764, 26163764, 26637502, 26637502, 26637502, 26637502, 26637502, 26637502, 26637502, 26637502, 26637502, 26637502, 26637502, 26637502, 26637502, 26637502, 26637502, 26637502, 26637502, 26637502, 26637502, 26637502, 26637502, 26324470, 26324470, 26475094, 26475094, 26475094, 26475094, 26405974, 26405974, 26405974, 26405974, 26125156, 26125156, 25820655, 25820655, 25820655, 25820655, 25820655, 25820655, 25820655, 25820655, 25820655, 25820655, 25820655, 25820655, 25820655, 25820655, 25820655, 25820655, 25820655, 25820655, 25820655, 25820655, 25820655, 25820655, 25820655, 25820655, 25820655, 25820655, 25820655, 25820655, 25820655, 25846063, 25846063, 25846063, 25846063, 25846063, 25846063, 25846063, 25846063, 25846063, 25846063, 25846063, 25846063, 25846063, 25846063, 25846063, 25846063, 25846063, 25846063, 25846063, 25846063, 25846063, 25846063, 25846063, 25846063, 25846063, 25846063, 25846063, 25916272, 25916272, 25916272, 25916272, 25916272, 25916272, 25916272, 25916272, 25916272]",0,0,0,NPU,0,0,0,0,0,0,1.0,0
0,3,meta-llama/Llama-3.1-8B,23,425,570907775,12200485734,11629577959,18355328,112040836,28722037,"[27175694, 25061799, 25061799, 25061799, 25061799, 25061799, 28986224, 25354128, 25354128, 27341947, 25221007, 25221007, 25221007, 25221007, 27747738, 25739209, 25739209, 25739209, 25739209, 25739209, 25739209, 25739209, 25739209, 25739209, 25739209, 25739209, 25739209, 28808393, 25775990, 25775990, 25775990, 25775990, 25775990, 25775990, 29496053, 27555059, 69716119, 96120552, 51255519, 32012146, 26674953, 26674953, 28558287, 70227136, 118039990, 42935493, 27087701, 27087701, 28895258, 51474744, 27217844, 30750660, 27276107, 27276107, 30496947, 27680552, 27680552, 30571684, 98149271, 28111549, 28111549, 28111549, 28111549, 28111549, 27763603, 27763603, 32955878, 28111549, 28111549, 28111549, 28111549, 28111549, 27763603, 27763603, 27763603, 27763603, 27763603, 27763603, 201432440, 42566404, 33480413, 28416676, 28416676, 192586264, 31063468, 28680303, 28680303, 28680303, 28501442, 28501442, 28421924, 28421924, 28421924, 28421924, 28421924, 28421924, 28421924, 28421924, 28421924, 28421924, 28421924, 28421924, 28421924, 28421924, 28421924, 28421924, 28421924, 28421924, 28421924, 28193277, 28193277, 28193277, 28193277, 28271816, 28271816, 28271816, 28271816, 28271816, 28271816, 28271816, 28107517, 28113789, 28113789, 27761139, 27761139, 27761139, 27761139, 27761139, 27761139, 27761139, 27761139, 27761139, 27764576, 27764576, 27764576, 27764576, 27764576, 27764576, 27764576, 27764576, 27764576, 27764576, 27764576, 27764576, 27764576, 27764576, 27764576, 27764576, 27764576, 27772768, 27684936, 27684936, 27684936, 27684936, 27684936, 27684936, 27684936, 27684936, 27684936, 27684936, 27684936, 27684936, 27684936, 27684936, 27684936, 27684936, 27684936, 27684936, 27684936, 27684936, 27512210, 27512210, 27512210, 27512210, 27512210, 27278571, 27278571, 27278571, 27232404, 27232404, 27232404, 27232404, 27232404, 27232404, 27232404, 27232404, 27232404, 27232404, 27102933, 27102933, 27102933, 27060722, 27060722, 26859600, 26759568, 26759568, 26726588, 26726588, 26726588, 26726588, 26726588, 26726588, 26726588, 26726588, 26694874, 26694874, 26694874, 26694874, 26694874, 26694874, 26694874, 26694874, 26694874, 26694874, 26694874, 26694874, 26694874, 26694874, 26694874, 26694874, 26694874, 26694874, 26694874, 26694874, 26615497, 26552701, 26552701, 26552701, 26552701, 26552701, 26552701, 26552701, 26552701, 26552701, 26552701, 26287617, 26287617, 26287617, 26287617, 26287617, 26287617, 26287617, 26287617, 26287617, 26287617, 26287617, 26287617, 26287617, 26287617, 26287617, 26287617, 26287617, 26287617, 26535241, 26535241, 26535241, 26535241, 26535241, 26535241, 26535241, 26535241, 26535241, 26535241, 26535241, 26163764, 26163764, 26163764, 26163764, 26163764, 26163764, 26163764, 26163764, 26163764, 26163764, 26163764, 26163764, 26163764, 26163764, 26163764, 26163764, 26163764, 26163764, 26163764, 26163764, 26163764, 26163764, 26163764, 26637502, 26637502, 26637502, 26637502, 26637502, 26637502, 26637502, 26637502, 26637502, 26637502, 26637502, 26637502, 26637502, 26637502, 26637502, 26637502, 26637502, 26637502, 26637502, 26637502, 26637502, 26324470, 26324470, 26475094, 26475094, 26475094, 26475094, 26405974, 26405974, 26405974, 26405974, 26125156, 26125156, 25820655, 25820655, 25820655, 25820655, 25820655, 25820655, 25820655, 25820655, 25820655, 25820655, 25820655, 25820655, 25820655, 25820655, 25820655, 25820655, 25820655, 25820655, 25820655, 25820655, 25820655, 25820655, 25820655, 25820655, 25820655, 25820655, 25820655, 25820655, 25820655, 25846063, 25846063, 25846063, 25846063, 25846063, 25846063, 25846063, 25846063, 25846063, 25846063, 25846063, 25846063, 25846063, 25846063, 25846063, 25846063, 25846063, 25846063, 25846063, 25846063, 25846063, 25846063, 25846063, 25846063, 25846063, 25846063, 25846063, 25916272, 25916272, 25916272, 25916272, 25916272, 25916272, 25916272, 25916272, 25916272, 25668167, 25668167, 25668167, 25668167, 25668167, 25668167, 25668167, 25668167, 25668167, 25668167, 25668167, 25668167, 25668167, 25668167, 25668167, 25668167]",0,0,0,NPU,0,0,0,0,0,0,1.0,0
0,30,meta-llama/Llama-3.1-8B,18,416,2510934206,13600014696,11089080490,4692561,35264245,27843365,"[98149271, 28111549, 28111549, 28111549, 28111549, 28111549, 27763603, 27763603, 32955878, 28111549, 28111549, 28111549, 28111549, 28111549, 27763603, 27763603, 27763603, 27763603, 27763603, 27763603, 201432440, 42566404, 33480413, 28416676, 28416676, 192586264, 31063468, 28680303, 28680303, 28680303, 28501442, 28501442, 28421924, 28421924, 28421924, 28421924, 28421924, 28421924, 28421924, 28421924, 28421924, 28421924, 28421924, 28421924, 28421924, 28421924, 28421924, 28421924, 28421924, 28421924, 28421924, 28193277, 28193277, 28193277, 28193277, 28271816, 28271816, 28271816, 28271816, 28271816, 28271816, 28271816, 28107517, 28113789, 28113789, 27761139, 27761139, 27761139, 27761139, 27761139, 27761139, 27761139, 27761139, 27761139, 27764576, 27764576, 27764576, 27764576, 27764576, 27764576, 27764576, 27764576, 27764576, 27764576, 27764576, 27764576, 27764576, 27764576, 27764576, 27764576, 27764576, 27772768, 27684936, 27684936, 27684936, 27684936, 27684936, 27684936, 27684936, 27684936, 27684936, 27684936, 27684936, 27684936, 27684936, 27684936, 27684936, 27684936, 27684936, 27684936, 27684936, 27684936, 27512210, 27512210, 27512210, 27512210, 27512210, 27278571, 27278571, 27278571, 27232404, 27232404, 27232404, 27232404, 27232404, 27232404, 27232404, 27232404, 27232404, 27232404, 27102933, 27102933, 27102933, 27060722, 27060722, 26859600, 26759568, 26759568, 26726588, 26726588, 26726588, 26726588, 26726588, 26726588, 26726588, 26726588, 26694874, 26694874, 26694874, 26694874, 26694874, 26694874, 26694874, 26694874, 26694874, 26694874, 26694874, 26694874, 26694874, 26694874, 26694874, 26694874, 26694874, 26694874, 26694874, 26694874, 26615497, 26552701, 26552701, 26552701, 26552701, 26552701, 26552701, 26552701, 26552701, 26552701, 26552701, 26287617, 26287617, 26287617, 26287617, 26287617, 26287617, 26287617, 26287617, 26287617, 26287617, 26287617, 26287617, 26287617, 26287617, 26287617, 26287617, 26287617, 26287617, 26535241, 26535241, 26535241, 26535241, 26535241, 26535241, 26535241, 26535241, 26535241, 26535241, 26535241, 26163764, 26163764, 26163764, 26163764, 26163764, 26163764, 26163764, 26163764, 26163764, 26163764, 26163764, 26163764, 26163764, 26163764, 26163764, 26163764, 26163764, 26163764, 26163764, 26163764, 26163764, 26163764, 26163764, 26637502, 26637502, 26637502, 26637502, 26637502, 26637502, 26637502, 26637502, 26637502, 26637502, 26637502, 26637502, 26637502, 26637502, 26637502, 26637502, 26637502, 26637502, 26637502, 26637502, 26637502, 26324470, 26324470, 26475094, 26475094, 26475094, 26475094, 26405974, 26405974, 26405974, 26405974, 26125156, 26125156, 25820655, 25820655, 25820655, 25820655, 25820655, 25820655, 25820655, 25820655, 25820655, 25820655, 25820655, 25820655, 25820655, 25820655, 25820655, 25820655, 25820655, 25820655, 25820655, 25820655, 25820655, 25820655, 25820655, 25820655, 25820655, 25820655, 25820655, 25820655, 25820655, 25846063, 25846063, 25846063, 25846063, 25846063, 25846063, 25846063, 25846063, 25846063, 25846063, 25846063, 25846063, 25846063, 25846063, 25846063, 25846063, 25846063, 25846063, 25846063, 25846063, 25846063, 25846063, 25846063, 25846063, 25846063, 25846063, 25846063, 25916272, 25916272, 25916272, 25916272, 25916272, 25916272, 25916272, 25916272, 25916272, 25668167, 25668167, 25668167, 25668167, 25668167, 25668167, 25668167, 25668167, 25668167, 25668167, 25668167, 25668167, 25668167, 25668167, 25668167, 25668167, 25859299, 25859299, 25859299, 25859299, 25859299, 25859299, 25859299, 25859299, 25859299, 25859299, 25859299, 25859299, 25859299, 25859299, 25859299, 25859299, 25859299, 25859299, 25859299, 25859299, 25859299, 25954051, 25954051, 25954051, 25954051, 25954051, 25954051, 25954051, 25954051, 25954051, 25954051, 25954051, 25954051, 25954051, 25954051, 25954051, 25954051, 25954051, 25954051, 25954051, 25954051, 25954051, 25954051, 25954051, 25954051, 25954051, 25954051, 25954051, 25954051, 25954051, 25954051, 25954051, 25954051, 25954051]",0,0,0,NPU,0,0,0,0,0,0,1.0,0
0,17,meta-llama/Llama-3.1-8B,202,627,1732914662,13803911264,12070996602,53409455,104664974,28222480,"[32012146, 26674953, 26674953, 28558287, 70227136, 118039990, 42935493, 27087701, 27087701, 28895258, 51474744, 27217844, 30750660, 27276107, 27276107, 30496947, 27680552, 27680552, 30571684, 98149271, 28111549, 28111549, 28111549, 28111549, 28111549, 27763603, 27763603, 32955878, 28111549, 28111549, 28111549, 28111549, 28111549, 27763603, 27763603, 27763603, 27763603, 27763603, 27763603, 201432440, 42566404, 33480413, 28416676, 28416676, 192586264, 31063468, 28680303, 28680303, 28680303, 28501442, 28501442, 28421924, 28421924, 28421924, 28421924, 28421924, 28421924, 28421924, 28421924, 28421924, 28421924, 28421924, 28421924, 28421924, 28421924, 28421924, 28421924, 28421924, 28421924, 28421924, 28193277, 28193277, 28193277, 28193277, 28271816, 28271816, 28271816, 28271816, 28271816, 28271816, 28271816, 28107517, 28113789, 28113789, 27761139, 27761139, 27761139, 27761139, 27761139, 27761139, 27761139, 27761139, 27761139, 27764576, 27764576, 27764576, 27764576, 27764576, 27764576, 27764576, 27764576, 27764576, 27764576, 27764576, 27764576, 27764576, 27764576, 27764576, 27764576, 27764576, 27772768, 27684936, 27684936, 27684936, 27684936, 27684936, 27684936, 27684936, 27684936, 27684936, 27684936, 27684936, 27684936, 27684936, 27684936, 27684936, 27684936, 27684936, 27684936, 27684936, 27684936, 27512210, 27512210, 27512210, 27512210, 27512210, 27278571, 27278571, 27278571, 27232404, 27232404, 27232404, 27232404, 27232404, 27232404, 27232404, 27232404, 27232404, 27232404, 27102933, 27102933, 27102933, 27060722, 27060722, 26859600, 26759568, 26759568, 26726588, 26726588, 26726588, 26726588, 26726588, 26726588, 26726588, 26726588, 26694874, 26694874, 26694874, 26694874, 26694874, 26694874, 26694874, 26694874, 26694874, 26694874, 26694874, 26694874, 26694874, 26694874, 26694874, 26694874, 26694874, 26694874, 26694874, 26694874, 26615497, 26552701, 26552701, 26552701, 26552701, 26552701, 26552701, 26552701, 26552701, 26552701, 26552701, 26287617, 26287617, 26287617, 26287617, 26287617, 26287617, 26287617, 26287617, 26287617, 26287617, 26287617, 26287617, 26287617, 26287617, 26287617, 26287617, 26287617, 26287617, 26535241, 26535241, 26535241, 26535241, 26535241, 26535241, 26535241, 26535241, 26535241, 26535241, 26535241, 26163764, 26163764, 26163764, 26163764, 26163764, 26163764, 26163764, 26163764, 26163764, 26163764, 26163764, 26163764, 26163764, 26163764, 26163764, 26163764, 26163764, 26163764, 26163764, 26163764, 26163764, 26163764, 26163764, 26637502, 26637502, 26637502, 26637502, 26637502, 26637502, 26637502, 26637502, 26637502, 26637502, 26637502, 26637502, 26637502, 26637502, 26637502, 26637502, 26637502, 26637502, 26637502, 26637502, 26637502, 26324470, 26324470, 26475094, 26475094, 26475094, 26475094, 26405974, 26405974, 26405974, 26405974, 26125156, 26125156, 25820655, 25820655, 25820655, 25820655, 25820655, 25820655, 25820655, 25820655, 25820655, 25820655, 25820655, 25820655, 25820655, 25820655, 25820655, 25820655, 25820655, 25820655, 25820655, 25820655, 25820655, 25820655, 25820655, 25820655, 25820655, 25820655, 25820655, 25820655, 25820655, 25846063, 25846063, 25846063, 25846063, 25846063, 25846063, 25846063, 25846063, 25846063, 25846063, 25846063, 25846063, 25846063, 25846063, 25846063, 25846063, 25846063, 25846063, 25846063, 25846063, 25846063, 25846063, 25846063, 25846063, 25846063, 25846063, 25846063, 25916272, 25916272, 25916272, 25916272, 25916272, 25916272, 25916272, 25916272, 25916272, 25668167, 25668167, 25668167, 25668167, 25668167, 25668167, 25668167, 25668167, 25668167, 25668167, 25668167, 25668167, 25668167, 25668167, 25668167, 25668167, 25859299, 25859299, 25859299, 25859299, 25859299, 25859299, 25859299, 25859299, 25859299, 25859299, 25859299, 25859299, 25859299, 25859299, 25859299, 25859299, 25859299, 25859299, 25859299, 25859299, 25859299, 25954051, 25954051, 25954051, 25954051, 25954051, 25954051, 25954051, 25954051, 25954051, 25954051, 25954051, 25954051, 25954051, 25954051, 25954051, 25954051, 25954051, 25954051, 25954051, 25954051, 25954051, 25954051, 25954051, 25954051, 25954051, 25954051, 25954051, 25954051, 25954051, 25954051, 25954051, 25954051, 25954051, 25487071, 25487071, 25487071, 25487071, 25487071, 25487071, 25487071, 25487071]",0,0,0,NPU,0,0,0,0,0,0,1.0,0
0,12,meta-llama/Llama-3.1-8B,47,492,1558048705,14215627088,12657578383,5387629,34883682,28429492,"[27555059, 69716119, 96120552, 51255519, 32012146, 26674953, 26674953, 28558287, 70227136, 118039990, 42935493, 27087701, 27087701, 28895258, 51474744, 27217844, 30750660, 27276107, 27276107, 30496947, 27680552, 27680552, 30571684, 98149271, 28111549, 28111549, 28111549, 28111549, 28111549, 27763603, 27763603, 32955878, 28111549, 28111549, 28111549, 28111549, 28111549, 27763603, 27763603, 27763603, 27763603, 27763603, 27763603, 201432440, 42566404, 33480413, 28416676, 28416676, 192586264, 31063468, 28680303, 28680303, 28680303, 28501442, 28501442, 28421924, 28421924, 28421924, 28421924, 28421924, 28421924, 28421924, 28421924, 28421924, 28421924, 28421924, 28421924, 28421924, 28421924, 28421924, 28421924, 28421924, 28421924, 28421924, 28193277, 28193277, 28193277, 28193277, 28271816, 28271816, 28271816, 28271816, 28271816, 28271816, 28271816, 28107517, 28113789, 28113789, 27761139, 27761139, 27761139, 27761139, 27761139, 27761139, 27761139, 27761139, 27761139, 27764576, 27764576, 27764576, 27764576, 27764576, 27764576, 27764576, 27764576, 27764576, 27764576, 27764576, 27764576, 27764576, 27764576, 27764576, 27764576, 27764576, 27772768, 27684936, 27684936, 27684936, 27684936, 27684936, 27684936, 27684936, 27684936, 27684936, 27684936, 27684936, 27684936, 27684936, 27684936, 27684936, 27684936, 27684936, 27684936, 27684936, 27684936, 27512210, 27512210, 27512210, 27512210, 27512210, 27278571, 27278571, 27278571, 27232404, 27232404, 27232404, 27232404, 27232404, 27232404, 27232404, 27232404, 27232404, 27232404, 27102933, 27102933, 27102933, 27060722, 27060722, 26859600, 26759568, 26759568, 26726588, 26726588, 26726588, 26726588, 26726588, 26726588, 26726588, 26726588, 26694874, 26694874, 26694874, 26694874, 26694874, 26694874, 26694874, 26694874, 26694874, 26694874, 26694874, 26694874, 26694874, 26694874, 26694874, 26694874, 26694874, 26694874, 26694874, 26694874, 26615497, 26552701, 26552701, 26552701, 26552701, 26552701, 26552701, 26552701, 26552701, 26552701, 26552701, 26287617, 26287617, 26287617, 26287617, 26287617, 26287617, 26287617, 26287617, 26287617, 26287617, 26287617, 26287617, 26287617, 26287617, 26287617, 26287617, 26287617, 26287617, 26535241, 26535241, 26535241, 26535241, 26535241, 26535241, 26535241, 26535241, 26535241, 26535241, 26535241, 26163764, 26163764, 26163764, 26163764, 26163764, 26163764, 26163764, 26163764, 26163764, 26163764, 26163764, 26163764, 26163764, 26163764, 26163764, 26163764, 26163764, 26163764, 26163764, 26163764, 26163764, 26163764, 26163764, 26637502, 26637502, 26637502, 26637502, 26637502, 26637502, 26637502, 26637502, 26637502, 26637502, 26637502, 26637502, 26637502, 26637502, 26637502, 26637502, 26637502, 26637502, 26637502, 26637502, 26637502, 26324470, 26324470, 26475094, 26475094, 26475094, 26475094, 26405974, 26405974, 26405974, 26405974, 26125156, 26125156, 25820655, 25820655, 25820655, 25820655, 25820655, 25820655, 25820655, 25820655, 25820655, 25820655, 25820655, 25820655, 25820655, 25820655, 25820655, 25820655, 25820655, 25820655, 25820655, 25820655, 25820655, 25820655, 25820655, 25820655, 25820655, 25820655, 25820655, 25820655, 25820655, 25846063, 25846063, 25846063, 25846063, 25846063, 25846063, 25846063, 25846063, 25846063, 25846063, 25846063, 25846063, 25846063, 25846063, 25846063, 25846063, 25846063, 25846063, 25846063, 25846063, 25846063, 25846063, 25846063, 25846063, 25846063, 25846063, 25846063, 25916272, 25916272, 25916272, 25916272, 25916272, 25916272, 25916272, 25916272, 25916272, 25668167, 25668167, 25668167, 25668167, 25668167, 25668167, 25668167, 25668167, 25668167, 25668167, 25668167, 25668167, 25668167, 25668167, 25668167, 25668167, 25859299, 25859299, 25859299, 25859299, 25859299, 25859299, 25859299, 25859299, 25859299, 25859299, 25859299, 25859299, 25859299, 25859299, 25859299, 25859299, 25859299, 25859299, 25859299, 25859299, 25859299, 25954051, 25954051, 25954051, 25954051, 25954051, 25954051, 25954051, 25954051, 25954051, 25954051, 25954051, 25954051, 25954051, 25954051, 25954051, 25954051, 25954051, 25954051, 25954051, 25954051, 25954051, 25954051, 25954051, 25954051, 25954051, 25954051, 25954051, 25954051, 25954051, 25954051, 25954051, 25954051, 25954051, 25487071, 25487071, 25487071, 25487071, 25487071, 25487071, 25487071, 25487071, 25732239, 25732239, 25732239, 25732239, 25732239, 25732239, 25732239, 25732239, 25732239, 25732239, 25732239, 25732239, 25732239, 25732239, 25732239, 25732239]",0,0,0,NPU,0,0,0,0,0,0,1.0,0
0,19,meta-llama/Llama-3.1-8B,24,532,1823890667,15978134200,14154243533,13688969,45701115,27827499,"[26674953, 26674953, 28558287, 70227136, 118039990, 42935493, 27087701, 27087701, 28895258, 51474744, 27217844, 30750660, 27276107, 27276107, 30496947, 27680552, 27680552, 30571684, 98149271, 28111549, 28111549, 28111549, 28111549, 28111549, 27763603, 27763603, 32955878, 28111549, 28111549, 28111549, 28111549, 28111549, 27763603, 27763603, 27763603, 27763603, 27763603, 27763603, 201432440, 42566404, 33480413, 28416676, 28416676, 192586264, 31063468, 28680303, 28680303, 28680303, 28501442, 28501442, 28421924, 28421924, 28421924, 28421924, 28421924, 28421924, 28421924, 28421924, 28421924, 28421924, 28421924, 28421924, 28421924, 28421924, 28421924, 28421924, 28421924, 28421924, 28421924, 28193277, 28193277, 28193277, 28193277, 28271816, 28271816, 28271816, 28271816, 28271816, 28271816, 28271816, 28107517, 28113789, 28113789, 27761139, 27761139, 27761139, 27761139, 27761139, 27761139, 27761139, 27761139, 27761139, 27764576, 27764576, 27764576, 27764576, 27764576, 27764576, 27764576, 27764576, 27764576, 27764576, 27764576, 27764576, 27764576, 27764576, 27764576, 27764576, 27764576, 27772768, 27684936, 27684936, 27684936, 27684936, 27684936, 27684936, 27684936, 27684936, 27684936, 27684936, 27684936, 27684936, 27684936, 27684936, 27684936, 27684936, 27684936, 27684936, 27684936, 27684936, 27512210, 27512210, 27512210, 27512210, 27512210, 27278571, 27278571, 27278571, 27232404, 27232404, 27232404, 27232404, 27232404, 27232404, 27232404, 27232404, 27232404, 27232404, 27102933, 27102933, 27102933, 27060722, 27060722, 26859600, 26759568, 26759568, 26726588, 26726588, 26726588, 26726588, 26726588, 26726588, 26726588, 26726588, 26694874, 26694874, 26694874, 26694874, 26694874, 26694874, 26694874, 26694874, 26694874, 26694874, 26694874, 26694874, 26694874, 26694874, 26694874, 26694874, 26694874, 26694874, 26694874, 26694874, 26615497, 26552701, 26552701, 26552701, 26552701, 26552701, 26552701, 26552701, 26552701, 26552701, 26552701, 26287617, 26287617, 26287617, 26287617, 26287617, 26287617, 26287617, 26287617, 26287617, 26287617, 26287617, 26287617, 26287617, 26287617, 26287617, 26287617, 26287617, 26287617, 26535241, 26535241, 26535241, 26535241, 26535241, 26535241, 26535241, 26535241, 26535241, 26535241, 26535241, 26163764, 26163764, 26163764, 26163764, 26163764, 26163764, 26163764, 26163764, 26163764, 26163764, 26163764, 26163764, 26163764, 26163764, 26163764, 26163764, 26163764, 26163764, 26163764, 26163764, 26163764, 26163764, 26163764, 26637502, 26637502, 26637502, 26637502, 26637502, 26637502, 26637502, 26637502, 26637502, 26637502, 26637502, 26637502, 26637502, 26637502, 26637502, 26637502, 26637502, 26637502, 26637502, 26637502, 26637502, 26324470, 26324470, 26475094, 26475094, 26475094, 26475094, 26405974, 26405974, 26405974, 26405974, 26125156, 26125156, 25820655, 25820655, 25820655, 25820655, 25820655, 25820655, 25820655, 25820655, 25820655, 25820655, 25820655, 25820655, 25820655, 25820655, 25820655, 25820655, 25820655, 25820655, 25820655, 25820655, 25820655, 25820655, 25820655, 25820655, 25820655, 25820655, 25820655, 25820655, 25820655, 25846063, 25846063, 25846063, 25846063, 25846063, 25846063, 25846063, 25846063, 25846063, 25846063, 25846063, 25846063, 25846063, 25846063, 25846063, 25846063, 25846063, 25846063, 25846063, 25846063, 25846063, 25846063, 25846063, 25846063, 25846063, 25846063, 25846063, 25916272, 25916272, 25916272, 25916272, 25916272, 25916272, 25916272, 25916272, 25916272, 25668167, 25668167, 25668167, 25668167, 25668167, 25668167, 25668167, 25668167, 25668167, 25668167, 25668167, 25668167, 25668167, 25668167, 25668167, 25668167, 25859299, 25859299, 25859299, 25859299, 25859299, 25859299, 25859299, 25859299, 25859299, 25859299, 25859299, 25859299, 25859299, 25859299, 25859299, 25859299, 25859299, 25859299, 25859299, 25859299, 25859299, 25954051, 25954051, 25954051, 25954051, 25954051, 25954051, 25954051, 25954051, 25954051, 25954051, 25954051, 25954051, 25954051, 25954051, 25954051, 25954051, 25954051, 25954051, 25954051, 25954051, 25954051, 25954051, 25954051, 25954051, 25954051, 25954051, 25954051, 25954051, 25954051, 25954051, 25954051, 25954051, 25954051, 25487071, 25487071, 25487071, 25487071, 25487071, 25487071, 25487071, 25487071, 25732239, 25732239, 25732239, 25732239, 25732239, 25732239, 25732239, 25732239, 25732239, 25732239, 25732239, 25732239, 25732239, 25732239, 25732239, 25732239, 25903786, 25903786, 25903786, 25903786, 25903786, 25903786, 25903786, 25903786, 25903786, 25903786, 25903786, 25903786, 25903786, 25903786, 25903786, 25903786, 25903786, 25903786, 25903786, 25903786, 25903786, 25903786, 25903786, 25903786, 25903786, 25903786, 25928778, 25928778, 25928778, 25928778, 25928778, 25928778, 25928778, 25928778, 25928778, 25928778, 25928778, 25928778, 25928778, 25928778, 25928778, 25928778, 25928778, 25928778, 25928778, 25928778, 25928778, 25928778, 25928778, 25928778, 25928778, 25928778, 25928778, 25928778, 25928778, 25928778, 25928778, 25928778, 25928778, 25928778, 25928778, 25928778, 25928778, 25928778, 25928778, 25928778, 25928778, 25928778]",0,0,0,NPU,0,0,0,0,0,0,1.0,0
0,0,meta-llama/Llama-3.1-8B,25,644,46926808,17250136925,17203210117,0,26117110,27794648,"[24017853, 24017853, 24017853, 24017853, 24017853, 24017853, 24017853, 24017853, 24017853, 24017853, 24017853, 24017853, 26833613, 24480789, 24480789, 24480789, 24480789, 29951478, 24432234, 24432234, 24432234, 93685508, 27175694, 25061799, 25061799, 25061799, 25061799, 25061799, 28986224, 25354128, 25354128, 27341947, 25221007, 25221007, 25221007, 25221007, 27747738, 25739209, 25739209, 25739209, 25739209, 25739209, 25739209, 25739209, 25739209, 25739209, 25739209, 25739209, 25739209, 28808393, 25775990, 25775990, 25775990, 25775990, 25775990, 25775990, 29496053, 27555059, 69716119, 96120552, 51255519, 32012146, 26674953, 26674953, 28558287, 70227136, 118039990, 42935493, 27087701, 27087701, 28895258, 51474744, 27217844, 30750660, 27276107, 27276107, 30496947, 27680552, 27680552, 30571684, 98149271, 28111549, 28111549, 28111549, 28111549, 28111549, 27763603, 27763603, 32955878, 28111549, 28111549, 28111549, 28111549, 28111549, 27763603, 27763603, 27763603, 27763603, 27763603, 27763603, 201432440, 42566404, 33480413, 28416676, 28416676, 192586264, 31063468, 28680303, 28680303, 28680303, 28501442, 28501442, 28421924, 28421924, 28421924, 28421924, 28421924, 28421924, 28421924, 28421924, 28421924, 28421924, 28421924, 28421924, 28421924, 28421924, 28421924, 28421924, 28421924, 28421924, 28421924, 28193277, 28193277, 28193277, 28193277, 28271816, 28271816, 28271816, 28271816, 28271816, 28271816, 28271816, 28107517, 28113789, 28113789, 27761139, 27761139, 27761139, 27761139, 27761139, 27761139, 27761139, 27761139, 27761139, 27764576, 27764576, 27764576, 27764576, 27764576, 27764576, 27764576, 27764576, 27764576, 27764576, 27764576, 27764576, 27764576, 27764576, 27764576, 27764576, 27764576, 27772768, 27684936, 27684936, 27684936, 27684936, 27684936, 27684936, 27684936, 27684936, 27684936, 27684936, 27684936, 27684936, 27684936, 27684936, 27684936, 27684936, 27684936, 27684936, 27684936, 27684936, 27512210, 27512210, 27512210, 27512210, 27512210, 27278571, 27278571, 27278571, 27232404, 27232404, 27232404, 27232404, 27232404, 27232404, 27232404, 27232404, 27232404, 27232404, 27102933, 27102933, 27102933, 27060722, 27060722, 26859600, 26759568, 26759568, 26726588, 26726588, 26726588, 26726588, 26726588, 26726588, 26726588, 26726588, 26694874, 26694874, 26694874, 26694874, 26694874, 26694874, 26694874, 26694874, 26694874, 26694874, 26694874, 26694874, 26694874, 26694874, 26694874, 26694874, 26694874, 26694874, 26694874, 26694874, 26615497, 26552701, 26552701, 26552701, 26552701, 26552701, 26552701, 26552701, 26552701, 26552701, 26552701, 26287617, 26287617, 26287617, 26287617, 26287617, 26287617, 26287617, 26287617, 26287617, 26287617, 26287617, 26287617, 26287617, 26287617, 26287617, 26287617, 26287617, 26287617, 26535241, 26535241, 26535241, 26535241, 26535241, 26535241, 26535241, 26535241, 26535241, 26535241, 26535241, 26163764, 26163764, 26163764, 26163764, 26163764, 26163764, 26163764, 26163764, 26163764, 26163764, 26163764, 26163764, 26163764, 26163764, 26163764, 26163764, 26163764, 26163764, 26163764, 26163764, 26163764, 26163764, 26163764, 26637502, 26637502, 26637502, 26637502, 26637502, 26637502, 26637502, 26637502, 26637502, 26637502, 26637502, 26637502, 26637502, 26637502, 26637502, 26637502, 26637502, 26637502, 26637502, 26637502, 26637502, 26324470, 26324470, 26475094, 26475094, 26475094, 26475094, 26405974, 26405974, 26405974, 26405974, 26125156, 26125156, 25820655, 25820655, 25820655, 25820655, 25820655, 25820655, 25820655, 25820655, 25820655, 25820655, 25820655, 25820655, 25820655, 25820655, 25820655, 25820655, 25820655, 25820655, 25820655, 25820655, 25820655, 25820655, 25820655, 25820655, 25820655, 25820655, 25820655, 25820655, 25820655, 25846063, 25846063, 25846063, 25846063, 25846063, 25846063, 25846063, 25846063, 25846063, 25846063, 25846063, 25846063, 25846063, 25846063, 25846063, 25846063, 25846063, 25846063, 25846063, 25846063, 25846063, 25846063, 25846063, 25846063, 25846063, 25846063, 25846063, 25916272, 25916272, 25916272, 25916272, 25916272, 25916272, 25916272, 25916272, 25916272, 25668167, 25668167, 25668167, 25668167, 25668167, 25668167, 25668167, 25668167, 25668167, 25668167, 25668167, 25668167, 25668167, 25668167, 25668167, 25668167, 25859299, 25859299, 25859299, 25859299, 25859299, 25859299, 25859299, 25859299, 25859299, 25859299, 25859299, 25859299, 25859299, 25859299, 25859299, 25859299, 25859299, 25859299, 25859299, 25859299, 25859299, 25954051, 25954051, 25954051, 25954051, 25954051, 25954051, 25954051, 25954051, 25954051, 25954051, 25954051, 25954051, 25954051, 25954051, 25954051, 25954051, 25954051, 25954051, 25954051, 25954051, 25954051, 25954051, 25954051, 25954051, 25954051, 25954051, 25954051, 25954051, 25954051, 25954051, 25954051, 25954051, 25954051, 25487071, 25487071, 25487071, 25487071, 25487071, 25487071, 25487071, 25487071, 25732239, 25732239, 25732239, 25732239, 25732239, 25732239, 25732239, 25732239, 25732239, 25732239, 25732239, 25732239, 25732239, 25732239, 25732239, 25732239, 25903786, 25903786, 25903786, 25903786, 25903786, 25903786, 25903786, 25903786, 25903786, 25903786, 25903786, 25903786, 25903786, 25903786, 25903786, 25903786, 25903786, 25903786, 25903786, 25903786, 25903786, 25903786, 25903786, 25903786, 25903786, 25903786, 25928778, 25928778, 25928778, 25928778, 25928778, 25928778, 25928778, 25928778, 25928778, 25928778, 25928778, 25928778, 25928778, 25928778, 25928778, 25928778, 25928778, 25928778, 25928778, 25928778, 25928778, 25928778, 25928778, 25928778, 25928778, 25928778, 25928778, 25928778, 25928778, 25928778, 25928778, 25928778, 25928778, 25928778, 25928778, 25928778, 25928778, 25928778, 25928778, 25928778, 25928778, 25928778, 25763637, 25763637, 25763637, 25763637, 25763637, 25763637, 25763637, 25763637, 25763637, 25763637, 25763637, 26015861, 26015861, 26015861, 26015861, 26015861, 26015861, 26015861, 26015861, 26015861, 26015861, 26015861, 26015861, 26015861, 26015861, 26015861, 26015861, 26015861, 26015861, 26015861, 26015861, 26015861, 26015861, 26015861, 26015861, 26015861, 26015861, 26015861, 26015861, 26015861, 26015861, 26015861, 26015861, 26015861, 26015861, 26015861, 26015861, 26015861, 26015861]",0,0,0,NPU,0,0,0,0,0,0,1.0,0
0,18,meta-llama/Llama-3.1-8B,30,619,1789468368,18113222397,16323754029,48111268,80123414,27625222,"[26674953, 26674953, 28558287, 70227136, 118039990, 42935493, 27087701, 27087701, 28895258, 51474744, 27217844, 30750660, 27276107, 27276107, 30496947, 27680552, 27680552, 30571684, 98149271, 28111549, 28111549, 28111549, 28111549, 28111549, 27763603, 27763603, 32955878, 28111549, 28111549, 28111549, 28111549, 28111549, 27763603, 27763603, 27763603, 27763603, 27763603, 27763603, 201432440, 42566404, 33480413, 28416676, 28416676, 192586264, 31063468, 28680303, 28680303, 28680303, 28501442, 28501442, 28421924, 28421924, 28421924, 28421924, 28421924, 28421924, 28421924, 28421924, 28421924, 28421924, 28421924, 28421924, 28421924, 28421924, 28421924, 28421924, 28421924, 28421924, 28421924, 28193277, 28193277, 28193277, 28193277, 28271816, 28271816, 28271816, 28271816, 28271816, 28271816, 28271816, 28107517, 28113789, 28113789, 27761139, 27761139, 27761139, 27761139, 27761139, 27761139, 27761139, 27761139, 27761139, 27764576, 27764576, 27764576, 27764576, 27764576, 27764576, 27764576, 27764576, 27764576, 27764576, 27764576, 27764576, 27764576, 27764576, 27764576, 27764576, 27764576, 27772768, 27684936, 27684936, 27684936, 27684936, 27684936, 27684936, 27684936, 27684936, 27684936, 27684936, 27684936, 27684936, 27684936, 27684936, 27684936, 27684936, 27684936, 27684936, 27684936, 27684936, 27512210, 27512210, 27512210, 27512210, 27512210, 27278571, 27278571, 27278571, 27232404, 27232404, 27232404, 27232404, 27232404, 27232404, 27232404, 27232404, 27232404, 27232404, 27102933, 27102933, 27102933, 27060722, 27060722, 26859600, 26759568, 26759568, 26726588, 26726588, 26726588, 26726588, 26726588, 26726588, 26726588, 26726588, 26694874, 26694874, 26694874, 26694874, 26694874, 26694874, 26694874, 26694874, 26694874, 26694874, 26694874, 26694874, 26694874, 26694874, 26694874, 26694874, 26694874, 26694874, 26694874, 26694874, 26615497, 26552701, 26552701, 26552701, 26552701, 26552701, 26552701, 26552701, 26552701, 26552701, 26552701, 26287617, 26287617, 26287617, 26287617, 26287617, 26287617, 26287617, 26287617, 26287617, 26287617, 26287617, 26287617, 26287617, 26287617, 26287617, 26287617, 26287617, 26287617, 26535241, 26535241, 26535241, 26535241, 26535241, 26535241, 26535241, 26535241, 26535241, 26535241, 26535241, 26163764, 26163764, 26163764, 26163764, 26163764, 26163764, 26163764, 26163764, 26163764, 26163764, 26163764, 26163764, 26163764, 26163764, 26163764, 26163764, 26163764, 26163764, 26163764, 26163764, 26163764, 26163764, 26163764, 26637502, 26637502, 26637502, 26637502, 26637502, 26637502, 26637502, 26637502, 26637502, 26637502, 26637502, 26637502, 26637502, 26637502, 26637502, 26637502, 26637502, 26637502, 26637502, 26637502, 26637502, 26324470, 26324470, 26475094, 26475094, 26475094, 26475094, 26405974, 26405974, 26405974, 26405974, 26125156, 26125156, 25820655, 25820655, 25820655, 25820655, 25820655, 25820655, 25820655, 25820655, 25820655, 25820655, 25820655, 25820655, 25820655, 25820655, 25820655, 25820655, 25820655, 25820655, 25820655, 25820655, 25820655, 25820655, 25820655, 25820655, 25820655, 25820655, 25820655, 25820655, 25820655, 25846063, 25846063, 25846063, 25846063, 25846063, 25846063, 25846063, 25846063, 25846063, 25846063, 25846063, 25846063, 25846063, 25846063, 25846063, 25846063, 25846063, 25846063, 25846063, 25846063, 25846063, 25846063, 25846063, 25846063, 25846063, 25846063, 25846063, 25916272, 25916272, 25916272, 25916272, 25916272, 25916272, 25916272, 25916272, 25916272, 25668167, 25668167, 25668167, 25668167, 25668167, 25668167, 25668167, 25668167, 25668167, 25668167, 25668167, 25668167, 25668167, 25668167, 25668167, 25668167, 25859299, 25859299, 25859299, 25859299, 25859299, 25859299, 25859299, 25859299, 25859299, 25859299, 25859299, 25859299, 25859299, 25859299, 25859299, 25859299, 25859299, 25859299, 25859299, 25859299, 25859299, 25954051, 25954051, 25954051, 25954051, 25954051, 25954051, 25954051, 25954051, 25954051, 25954051, 25954051, 25954051, 25954051, 25954051, 25954051, 25954051, 25954051, 25954051, 25954051, 25954051, 25954051, 25954051, 25954051, 25954051, 25954051, 25954051, 25954051, 25954051, 25954051, 25954051, 25954051, 25954051, 25954051, 25487071, 25487071, 25487071, 25487071, 25487071, 25487071, 25487071, 25487071, 25732239, 25732239, 25732239, 25732239, 25732239, 25732239, 25732239, 25732239, 25732239, 25732239, 25732239, 25732239, 25732239, 25732239, 25732239, 25732239, 25903786, 25903786, 25903786, 25903786, 25903786, 25903786, 25903786, 25903786, 25903786, 25903786, 25903786, 25903786, 25903786, 25903786, 25903786, 25903786, 25903786, 25903786, 25903786, 25903786, 25903786, 25903786, 25903786, 25903786, 25903786, 25903786, 25928778, 25928778, 25928778, 25928778, 25928778, 25928778, 25928778, 25928778, 25928778, 25928778, 25928778, 25928778, 25928778, 25928778, 25928778, 25928778, 25928778, 25928778, 25928778, 25928778, 25928778, 25928778, 25928778, 25928778, 25928778, 25928778, 25928778, 25928778, 25928778, 25928778, 25928778, 25928778, 25928778, 25928778, 25928778, 25928778, 25928778, 25928778, 25928778, 25928778, 25928778, 25928778, 25763637, 25763637, 25763637, 25763637, 25763637, 25763637, 25763637, 25763637, 25763637, 25763637, 25763637, 26015861, 26015861, 26015861, 26015861, 26015861, 26015861, 26015861, 26015861, 26015861, 26015861, 26015861, 26015861, 26015861, 26015861, 26015861, 26015861, 26015861, 26015861, 26015861, 26015861, 26015861, 26015861, 26015861, 26015861, 26015861, 26015861, 26015861, 26015861, 26015861, 26015861, 26015861, 26015861, 26015861, 26015861, 26015861, 26015861, 26015861, 26015861, 26971421, 26971421, 26971421, 26971421, 26971421, 26971421, 26971421, 26971421, 26971421, 26971421, 26971421, 26971421, 26971421, 26971421, 26971421, 26971421, 26971421, 26971421, 26971421, 26971421, 26971421, 26971421, 26971421, 26971421, 26971421, 26971421, 26971421, 26971421, 26971421, 26971421, 26971421, 26971421]",0,0,0,NPU,0,0,0,0,0,0,1.0,0
